,Probe_Name,Probe_FileName,Best_Match,Best_Match_FileName,Distance,Correct
0,S001,../../../openbr/data/MEDS/img/S001-01-t10_01.jpg,S001,../../../openbr/data/MEDS/img/S001-04-t10_01.jpg,0.26874290441228577,1
1,S001,../../../openbr/data/MEDS/img/S001-02-t10_01.jpg,S001,../../../openbr/data/MEDS/img/S001-04-t10_01.jpg,0.25334363857131659,1
2,S001,../../../openbr/data/MEDS/img/S001-03-t10_01.jpg,S001,../../../openbr/data/MEDS/img/S001-04-t10_01.jpg,0.59567926099850066,1
3,S001,../../../openbr/data/MEDS/img/S001-05-t10_01.jpg,S211,../../../openbr/data/MEDS/img/S211-01-t10_01.jpg,0.61800575119000378,0
4,S001,../../../openbr/data/MEDS/img/S001-06-t10_01.jpg,S001,../../../openbr/data/MEDS/img/S001-04-t10_01.jpg,0.52042641725733341,1
5,S001,../../../openbr/data/MEDS/img/S001-07-t10_01.jpg,S001,../../../openbr/data/MEDS/img/S001-04-t10_01.jpg,0.59753293055203072,1
6,S001,../../../openbr/data/MEDS/img/S001-08-t10_01.jpg,S001,../../../openbr/data/MEDS/img/S001-04-t10_01.jpg,0.33031003598561387,1
7,S001,../../../openbr/data/MEDS/img/S001-09-t10_01.jpg,S001,../../../openbr/data/MEDS/img/S001-04-t10_01.jpg,0.25073006691068134,1
8,S006,../../../openbr/data/MEDS/img/S006-02-t10_01.jpg,S006,../../../openbr/data/MEDS/img/S006-01-t10_01.jpg,0.07308187873393715,1
9,S006,../../../openbr/data/MEDS/img/S006-03-t10_01.jpg,S326,../../../openbr/data/MEDS/img/S326-01-t10_01.jpg,0.20126927986591719,0
10,S008,../../../openbr/data/MEDS/img/S008-01-t10_01.jpg,S008,../../../openbr/data/MEDS/img/S008-03-t10_01.jpg,0.19304593258758385,1
11,S008,../../../openbr/data/MEDS/img/S008-02-t10_01.jpg,S008,../../../openbr/data/MEDS/img/S008-03-t10_01.jpg,0.16472786972405346,1
12,S008,../../../openbr/data/MEDS/img/S008-04-t10_01.jpg,S031,../../../openbr/data/MEDS/img/S031-05-t10_01.jpg,0.52558216876670616,0
13,S008,../../../openbr/data/MEDS/img/S008-05-t10_01.jpg,S358,../../../openbr/data/MEDS/img/S358-01-t10_01.jpg,0.43971022553802269,0
14,S008,../../../openbr/data/MEDS/img/S008-06-t10_01.jpg,S008,../../../openbr/data/MEDS/img/S008-03-t10_01.jpg,0.27496710979793137,1
15,S008,../../../openbr/data/MEDS/img/S008-07-t10_01.jpg,S008,../../../openbr/data/MEDS/img/S008-03-t10_01.jpg,0.21518908643036125,1
16,S013,../../../openbr/data/MEDS/img/S013-01-t10_01.jpg,S013,../../../openbr/data/MEDS/img/S013-02-t10_01.jpg,0.19507444866162751,1
17,S015,../../../openbr/data/MEDS/img/S015-01-t10_01.jpg,S474,../../../openbr/data/MEDS/img/S474-02-t10_01.jpg,0.43061143898230103,0
18,S015,../../../openbr/data/MEDS/img/S015-03-t10_01.jpg,S015,../../../openbr/data/MEDS/img/S015-02-t10_01.jpg,0.14724873832417729,1
19,S022,../../../openbr/data/MEDS/img/S022-01-t10_01.jpg,S390,../../../openbr/data/MEDS/img/S390-02-t10_01.jpg,0.3972352538529223,0
20,S023,../../../openbr/data/MEDS/img/S023-02-t10_01.jpg,S437,../../../openbr/data/MEDS/img/S437-01-t10_01.jpg,0.10433289263315851,0
21,S023,../../../openbr/data/MEDS/img/S023-03-t10_01.jpg,S149,../../../openbr/data/MEDS/img/S149-01-t10_01.jpg,0.15732619069188897,0
22,S023,../../../openbr/data/MEDS/img/S023-04-t10_01.jpg,S023,../../../openbr/data/MEDS/img/S023-01-t10_01.jpg,0.067873031538178613,1
23,S029,../../../openbr/data/MEDS/img/S029-02-t10_01.jpg,S227,../../../openbr/data/MEDS/img/S227-02-t10_01.jpg,0.33945580997160907,0
24,S029,../../../openbr/data/MEDS/img/S029-03-t10_01.jpg,S029,../../../openbr/data/MEDS/img/S029-01-t10_01.jpg,0.26421990505513976,1
25,S030,../../../openbr/data/MEDS/img/S030-01-t10_01.jpg,S030,../../../openbr/data/MEDS/img/S030-02-t10_01.jpg,0.2792536505473634,1
26,S030,../../../openbr/data/MEDS/img/S030-03-t10_01.jpg,S030,../../../openbr/data/MEDS/img/S030-02-t10_01.jpg,0.12528637453116542,1
27,S030,../../../openbr/data/MEDS/img/S030-04-t10_01.jpg,S030,../../../openbr/data/MEDS/img/S030-02-t10_01.jpg,0.33540535423716789,1
28,S030,../../../openbr/data/MEDS/img/S030-05-t10_01.jpg,S030,../../../openbr/data/MEDS/img/S030-02-t10_01.jpg,0.17834902013046666,1
29,S031,../../../openbr/data/MEDS/img/S031-01-t10_01.jpg,S257,../../../openbr/data/MEDS/img/S257-01-t10_01.jpg,0.19046417044812605,0
30,S031,../../../openbr/data/MEDS/img/S031-02-t10_01.jpg,S257,../../../openbr/data/MEDS/img/S257-01-t10_01.jpg,0.39771418208933551,0
31,S031,../../../openbr/data/MEDS/img/S031-03-t10_01.jpg,S031,../../../openbr/data/MEDS/img/S031-05-t10_01.jpg,0.13848865096868179,1
32,S031,../../../openbr/data/MEDS/img/S031-04-t10_01.jpg,S031,../../../openbr/data/MEDS/img/S031-05-t10_01.jpg,0.40573961984189438,1
33,S031,../../../openbr/data/MEDS/img/S031-06-t10_01.jpg,S031,../../../openbr/data/MEDS/img/S031-05-t10_01.jpg,0.18600480813801479,1
34,S032,../../../openbr/data/MEDS/img/S032-01-t10_01.jpg,S257,../../../openbr/data/MEDS/img/S257-01-t10_01.jpg,0.25765858824612253,0
35,S032,../../../openbr/data/MEDS/img/S032-03-t10_01.jpg,S257,../../../openbr/data/MEDS/img/S257-01-t10_01.jpg,0.18881091338377715,0
36,S033,../../../openbr/data/MEDS/img/S033-01-t10_01.jpg,S087,../../../openbr/data/MEDS/img/S087-01-t10_01.jpg,0.22363148653879189,0
37,S033,../../../openbr/data/MEDS/img/S033-03-t10_01.jpg,S033,../../../openbr/data/MEDS/img/S033-02-t10_01.jpg,0.18182844235511827,1
38,S033,../../../openbr/data/MEDS/img/S033-04-t10_01.jpg,S033,../../../openbr/data/MEDS/img/S033-02-t10_01.jpg,0.25693105231384156,1
39,S033,../../../openbr/data/MEDS/img/S033-05-t10_01.jpg,S104,../../../openbr/data/MEDS/img/S104-01-t10_01.jpg,0.25015329510899487,0
40,S033,../../../openbr/data/MEDS/img/S033-06-t10_01.jpg,S104,../../../openbr/data/MEDS/img/S104-01-t10_01.jpg,0.21458757497729097,0
41,S033,../../../openbr/data/MEDS/img/S033-07-t10_01.jpg,S033,../../../openbr/data/MEDS/img/S033-02-t10_01.jpg,0.30346109182366998,1
42,S036,../../../openbr/data/MEDS/img/S036-01-t10_01.jpg,S226,../../../openbr/data/MEDS/img/S226-02-t10_01.jpg,0.12978399692655118,0
43,S036,../../../openbr/data/MEDS/img/S036-03-t10_01.jpg,S404,../../../openbr/data/MEDS/img/S404-01-t10_01.jpg,0.20990043937056149,0
44,S044,../../../openbr/data/MEDS/img/S044-01-t10_01.jpg,S044,../../../openbr/data/MEDS/img/S044-03-t10_01.jpg,0.42893054706880773,1
45,S044,../../../openbr/data/MEDS/img/S044-02-t10_01.jpg,S044,../../../openbr/data/MEDS/img/S044-03-t10_01.jpg,0.38226704854033522,1
46,S044,../../../openbr/data/MEDS/img/S044-04-t10_01.jpg,S044,../../../openbr/data/MEDS/img/S044-03-t10_01.jpg,0.41487239858465441,1
47,S044,../../../openbr/data/MEDS/img/S044-05-t10_01.jpg,S044,../../../openbr/data/MEDS/img/S044-03-t10_01.jpg,0.31702925906462798,1
48,S044,../../../openbr/data/MEDS/img/S044-06-t10_01.jpg,S211,../../../openbr/data/MEDS/img/S211-01-t10_01.jpg,0.62940717551293135,0
49,S044,../../../openbr/data/MEDS/img/S044-07-t10_01.jpg,S044,../../../openbr/data/MEDS/img/S044-03-t10_01.jpg,0.59346863102902137,1
50,S044,../../../openbr/data/MEDS/img/S044-08-t10_01.jpg,S044,../../../openbr/data/MEDS/img/S044-03-t10_01.jpg,0.37377873902442849,1
51,S044,../../../openbr/data/MEDS/img/S044-09-t10_01.jpg,S044,../../../openbr/data/MEDS/img/S044-03-t10_01.jpg,0.2994588954299115,1
52,S046,../../../openbr/data/MEDS/img/S046-02-t10_01.jpg,S425,../../../openbr/data/MEDS/img/S425-01-t10_01.jpg,0.17718441313828132,0
53,S048,../../../openbr/data/MEDS/img/S048-01-t10_01.jpg,S115,../../../openbr/data/MEDS/img/S115-01-t10_01.jpg,0.26822199913109296,0
54,S048,../../../openbr/data/MEDS/img/S048-03-t10_01.jpg,S115,../../../openbr/data/MEDS/img/S115-01-t10_01.jpg,0.42616739469182463,0
55,S048,../../../openbr/data/MEDS/img/S048-04-t10_01.jpg,S115,../../../openbr/data/MEDS/img/S115-01-t10_01.jpg,0.30436605106078096,0
56,S048,../../../openbr/data/MEDS/img/S048-05-t10_01.jpg,S048,../../../openbr/data/MEDS/img/S048-02-t10_01.jpg,0.20467448655200107,1
57,S048,../../../openbr/data/MEDS/img/S048-06-t10_01.jpg,S048,../../../openbr/data/MEDS/img/S048-02-t10_01.jpg,0.31097391065444657,1
58,S048,../../../openbr/data/MEDS/img/S048-07-t10_01.jpg,S115,../../../openbr/data/MEDS/img/S115-01-t10_01.jpg,0.31575502229652141,0
59,S051,../../../openbr/data/MEDS/img/S051-02-t10_01.jpg,S051,../../../openbr/data/MEDS/img/S051-01-t10_01.jpg,0.20516753917071129,1
60,S052,../../../openbr/data/MEDS/img/S052-02-t10_01.jpg,S460,../../../openbr/data/MEDS/img/S460-02-t10_01.jpg,0.32629930461278966,0
61,S052,../../../openbr/data/MEDS/img/S052-03-t10_01.jpg,S052,../../../openbr/data/MEDS/img/S052-01-t10_01.jpg,0.25935570542798947,1
62,S054,../../../openbr/data/MEDS/img/S054-01-t10_01.jpg,S054,../../../openbr/data/MEDS/img/S054-02-t10_01.jpg,0.34907273794967908,1
63,S054,../../../openbr/data/MEDS/img/S054-03-t10_01.jpg,S054,../../../openbr/data/MEDS/img/S054-02-t10_01.jpg,0.2293279744109038,1
64,S058,../../../openbr/data/MEDS/img/S058-01-t10_01.jpg,S058,../../../openbr/data/MEDS/img/S058-03-t10_01.jpg,0.11025432265105529,1
65,S058,../../../openbr/data/MEDS/img/S058-02-t10_01.jpg,S058,../../../openbr/data/MEDS/img/S058-03-t10_01.jpg,0.087531814387321827,1
66,S064,../../../openbr/data/MEDS/img/S064-01-t10_01.jpg,S474,../../../openbr/data/MEDS/img/S474-02-t10_01.jpg,0.44208621361634365,0
67,S065,../../../openbr/data/MEDS/img/S065-01-t10_01.jpg,S065,../../../openbr/data/MEDS/img/S065-02-t10_01.jpg,0.54047694121156553,1
68,S068,../../../openbr/data/MEDS/img/S068-02-t10_01.jpg,S068,../../../openbr/data/MEDS/img/S068-01-t10_01.jpg,0.095742423710904578,1
69,S068,../../../openbr/data/MEDS/img/S068-03-t10_01.jpg,S068,../../../openbr/data/MEDS/img/S068-01-t10_01.jpg,0.077274554198350748,1
70,S068,../../../openbr/data/MEDS/img/S068-04-t10_01.jpg,S068,../../../openbr/data/MEDS/img/S068-01-t10_01.jpg,0.084564978410923072,1
71,S068,../../../openbr/data/MEDS/img/S068-05-t10_01.jpg,S068,../../../openbr/data/MEDS/img/S068-01-t10_01.jpg,0.073046298627968964,1
72,S068,../../../openbr/data/MEDS/img/S068-06-t10_01.jpg,S068,../../../openbr/data/MEDS/img/S068-01-t10_01.jpg,0.068158673884125831,1
73,S068,../../../openbr/data/MEDS/img/S068-07-t10_01.jpg,S471,../../../openbr/data/MEDS/img/S471-06-t10_01.jpg,0.10767085236127616,0
74,S069,../../../openbr/data/MEDS/img/S069-02-t10_01.jpg,S207,../../../openbr/data/MEDS/img/S207-01-t10_01.jpg,0.4723041178503723,0
75,S076,../../../openbr/data/MEDS/img/S076-01-t10_01.jpg,S496,../../../openbr/data/MEDS/img/S496-02-t10_01.jpg,0.14309155165599569,0
76,S078,../../../openbr/data/MEDS/img/S078-02-t10_01.jpg,S078,../../../openbr/data/MEDS/img/S078-01-t10_01.jpg,0.4016800532953716,1
77,S078,../../../openbr/data/MEDS/img/S078-03-t10_01.jpg,S078,../../../openbr/data/MEDS/img/S078-01-t10_01.jpg,0.22638316303864059,1
78,S078,../../../openbr/data/MEDS/img/S078-04-t10_01.jpg,S078,../../../openbr/data/MEDS/img/S078-01-t10_01.jpg,0.38786375327606143,1
79,S085,../../../openbr/data/MEDS/img/S085-01-t10_01.jpg,S085,../../../openbr/data/MEDS/img/S085-01-t10_03.jpg,0.22496333631523716,1
80,S088,../../../openbr/data/MEDS/img/S088-01-t10_01.jpg,S088,../../../openbr/data/MEDS/img/S088-02-t10_01.jpg,0.45679068130476613,1
81,S093,../../../openbr/data/MEDS/img/S093-01-t10_01.jpg,S093,../../../openbr/data/MEDS/img/S093-02-t10_01.jpg,0.14067393536738396,1
82,S095,../../../openbr/data/MEDS/img/S095-02-t10_01.jpg,S188,../../../openbr/data/MEDS/img/S188-01-t10_01.jpg,0.31357893070302489,0
83,S096,../../../openbr/data/MEDS/img/S096-01-t10_01.jpg,S096,../../../openbr/data/MEDS/img/S096-02-t10_01.jpg,0.19219635062920304,1
84,S098,../../../openbr/data/MEDS/img/S098-02-t10_01.jpg,S023,../../../openbr/data/MEDS/img/S023-01-t10_01.jpg,0.12864781036599493,0
85,S099,../../../openbr/data/MEDS/img/S099-01-t10_01.jpg,S099,../../../openbr/data/MEDS/img/S099-03-t10_01.jpg,0.10790941477928437,1
86,S099,../../../openbr/data/MEDS/img/S099-02-t10_01.jpg,S099,../../../openbr/data/MEDS/img/S099-03-t10_01.jpg,0.057872547823636628,1
87,S101,../../../openbr/data/MEDS/img/S101-01-t10_01.jpg,S101,../../../openbr/data/MEDS/img/S101-02-t10_01.jpg,0.29442211011563846,1
88,S108,../../../openbr/data/MEDS/img/S108-01-t10_01.jpg,S108,../../../openbr/data/MEDS/img/S108-03-t10_01.jpg,0.30845178977420673,1
89,S108,../../../openbr/data/MEDS/img/S108-02-t10_01.jpg,S108,../../../openbr/data/MEDS/img/S108-03-t10_01.jpg,0.10927171994844986,1
90,S108,../../../openbr/data/MEDS/img/S108-04-t10_01.jpg,S108,../../../openbr/data/MEDS/img/S108-03-t10_01.jpg,0.11397930820069556,1
91,S111,../../../openbr/data/MEDS/img/S111-01-t10_01.jpg,S111,../../../openbr/data/MEDS/img/S111-04-t10_01.jpg,0.22027192039700888,1
92,S111,../../../openbr/data/MEDS/img/S111-02-t10_01.jpg,S111,../../../openbr/data/MEDS/img/S111-04-t10_01.jpg,0.28626519573141646,1
93,S111,../../../openbr/data/MEDS/img/S111-03-t10_01.jpg,S111,../../../openbr/data/MEDS/img/S111-04-t10_01.jpg,0.19276711719503037,1
94,S111,../../../openbr/data/MEDS/img/S111-05-t10_01.jpg,S340,../../../openbr/data/MEDS/img/S340-01-t10_01.jpg,0.40911777411791445,0
95,S112,../../../openbr/data/MEDS/img/S112-01-t10_01.jpg,S112,../../../openbr/data/MEDS/img/S112-02-t10_01.jpg,0.10626125169421982,1
96,S117,../../../openbr/data/MEDS/img/S117-01-t10_01.jpg,S137,../../../openbr/data/MEDS/img/S137-01-t10_01.jpg,0.58078385195035587,0
97,S118,../../../openbr/data/MEDS/img/S118-01-t10_01.jpg,S118,../../../openbr/data/MEDS/img/S118-03-t10_01.jpg,0.37771186930470135,1
98,S124,../../../openbr/data/MEDS/img/S124-01-t10_01.jpg,S124,../../../openbr/data/MEDS/img/S124-02-t10_01.jpg,0.09943793523035202,1
99,S130,../../../openbr/data/MEDS/img/S130-01-t10_01.jpg,S130,../../../openbr/data/MEDS/img/S130-02-t10_01.jpg,0.41452161955504929,1
100,S132,../../../openbr/data/MEDS/img/S132-02-t10_01.jpg,S501,../../../openbr/data/MEDS/img/S501-01-t10_01.jpg,0.47314656511856923,0
101,S133,../../../openbr/data/MEDS/img/S133-02-t10_01.jpg,S009,../../../openbr/data/MEDS/img/S009-01-t10_01.jpg,0.26175755193967426,0
102,S133,../../../openbr/data/MEDS/img/S133-03-t10_01.jpg,S009,../../../openbr/data/MEDS/img/S009-01-t10_01.jpg,0.44371456276016008,0
103,S134,../../../openbr/data/MEDS/img/S134-01-t10_01.jpg,S134,../../../openbr/data/MEDS/img/S134-03-t10_01.jpg,0.19311601396105263,1
104,S134,../../../openbr/data/MEDS/img/S134-02-t10_01.jpg,S134,../../../openbr/data/MEDS/img/S134-03-t10_01.jpg,0.28055474593266733,1
105,S134,../../../openbr/data/MEDS/img/S134-04-t10_01.jpg,S134,../../../openbr/data/MEDS/img/S134-03-t10_01.jpg,0.236436897586316,1
106,S134,../../../openbr/data/MEDS/img/S134-05-t10_01.jpg,S134,../../../openbr/data/MEDS/img/S134-03-t10_01.jpg,0.46848680143494437,1
107,S134,../../../openbr/data/MEDS/img/S134-06-t10_01.jpg,S134,../../../openbr/data/MEDS/img/S134-03-t10_01.jpg,0.42047151088546253,1
108,S134,../../../openbr/data/MEDS/img/S134-07-t10_01.jpg,S134,../../../openbr/data/MEDS/img/S134-03-t10_01.jpg,0.28206957558700085,1
109,S134,../../../openbr/data/MEDS/img/S134-08-t10_01.jpg,S134,../../../openbr/data/MEDS/img/S134-03-t10_01.jpg,0.41251879209601888,1
110,S138,../../../openbr/data/MEDS/img/S138-01-t10_01.jpg,S138,../../../openbr/data/MEDS/img/S138-02-t10_01.jpg,0.21541313679169127,1
111,S142,../../../openbr/data/MEDS/img/S142-01-t10_01.jpg,S142,../../../openbr/data/MEDS/img/S142-05-t10_01.jpg,0.054790657505280144,1
112,S142,../../../openbr/data/MEDS/img/S142-02-t10_01.jpg,S142,../../../openbr/data/MEDS/img/S142-05-t10_01.jpg,0.085207248663561719,1
113,S142,../../../openbr/data/MEDS/img/S142-03-t10_01.jpg,S142,../../../openbr/data/MEDS/img/S142-05-t10_01.jpg,0.10150301237906122,1
114,S142,../../../openbr/data/MEDS/img/S142-04-t10_01.jpg,S142,../../../openbr/data/MEDS/img/S142-05-t10_01.jpg,0.11227049654668485,1
115,S142,../../../openbr/data/MEDS/img/S142-06-t10_01.jpg,S142,../../../openbr/data/MEDS/img/S142-05-t10_01.jpg,0.049775112814637465,1
116,S142,../../../openbr/data/MEDS/img/S142-07-t10_01.jpg,S142,../../../openbr/data/MEDS/img/S142-05-t10_01.jpg,0.072001590289710732,1
117,S146,../../../openbr/data/MEDS/img/S146-02-t10_01.jpg,S146,../../../openbr/data/MEDS/img/S146-01-t10_01.jpg,0.26652960301513201,1
118,S148,../../../openbr/data/MEDS/img/S148-01-t10_01.jpg,S027,../../../openbr/data/MEDS/img/S027-01-t10_01.jpg,0.26349824585231013,0
119,S148,../../../openbr/data/MEDS/img/S148-03-t10_01.jpg,S148,../../../openbr/data/MEDS/img/S148-02-t10_01.jpg,0.087347800413281274,1
120,S148,../../../openbr/data/MEDS/img/S148-04-t10_01.jpg,S148,../../../openbr/data/MEDS/img/S148-02-t10_01.jpg,0.32828694706884143,1
121,S150,../../../openbr/data/MEDS/img/S150-01-t10_01.jpg,S117,../../../openbr/data/MEDS/img/S117-02-t10_01.jpg,0.48824398344074205,0
122,S153,../../../openbr/data/MEDS/img/S153-02-t10_01.jpg,S169,../../../openbr/data/MEDS/img/S169-01-t10_01.jpg,0.31235894702583311,0
123,S163,../../../openbr/data/MEDS/img/S163-01-t10_01.jpg,S326,../../../openbr/data/MEDS/img/S326-01-t10_01.jpg,0.24191968636898975,0
124,S164,../../../openbr/data/MEDS/img/S164-01-t10_01.jpg,S164,../../../openbr/data/MEDS/img/S164-02-t10_01.jpg,0.17563360180863397,1
125,S166,../../../openbr/data/MEDS/img/S166-01-t10_01.jpg,S236,../../../openbr/data/MEDS/img/S236-02-t10_01.jpg,0.53657467321119823,0
126,S171,../../../openbr/data/MEDS/img/S171-01-t10_01.jpg,S033,../../../openbr/data/MEDS/img/S033-02-t10_01.jpg,0.418000722900081,0
127,S171,../../../openbr/data/MEDS/img/S171-02-t10_01.jpg,S104,../../../openbr/data/MEDS/img/S104-01-t10_01.jpg,0.3697150787319487,0
128,S171,../../../openbr/data/MEDS/img/S171-03-t10_01.jpg,S171,../../../openbr/data/MEDS/img/S171-04-t10_01.jpg,0.31967189048302797,1
129,S171,../../../openbr/data/MEDS/img/S171-05-t10_01.jpg,S171,../../../openbr/data/MEDS/img/S171-04-t10_01.jpg,0.36502149930046279,1
130,S171,../../../openbr/data/MEDS/img/S171-06-t10_01.jpg,S014,../../../openbr/data/MEDS/img/S014-01-t10_01.jpg,0.40849494179941509,0
131,S171,../../../openbr/data/MEDS/img/S171-07-t10_01.jpg,S171,../../../openbr/data/MEDS/img/S171-04-t10_01.jpg,0.30143586695967106,1
132,S171,../../../openbr/data/MEDS/img/S171-08-t10_01.jpg,S171,../../../openbr/data/MEDS/img/S171-04-t10_01.jpg,0.10851104612663692,1
133,S173,../../../openbr/data/MEDS/img/S173-02-t10_01.jpg,S173,../../../openbr/data/MEDS/img/S173-01-t10_01.jpg,0.35860088964470782,1
134,S174,../../../openbr/data/MEDS/img/S174-02-t10_01.jpg,S343,../../../openbr/data/MEDS/img/S343-01-t10_01.jpg,0.29980994511230452,0
135,S174,../../../openbr/data/MEDS/img/S174-03-t10_01.jpg,S174,../../../openbr/data/MEDS/img/S174-01-t10_01.jpg,0.1412854051139934,1
136,S174,../../../openbr/data/MEDS/img/S174-04-t10_01.jpg,S174,../../../openbr/data/MEDS/img/S174-01-t10_01.jpg,0.43168633447919735,1
137,S174,../../../openbr/data/MEDS/img/S174-05-t10_01.jpg,S174,../../../openbr/data/MEDS/img/S174-01-t10_01.jpg,0.1417499767528525,1
138,S185,../../../openbr/data/MEDS/img/S185-01-t10_01.jpg,S185,../../../openbr/data/MEDS/img/S185-04-t10_01.jpg,0.30814026816095508,1
139,S185,../../../openbr/data/MEDS/img/S185-02-t10_01.jpg,S185,../../../openbr/data/MEDS/img/S185-04-t10_01.jpg,0.26154521771333539,1
140,S190,../../../openbr/data/MEDS/img/S190-02-t10_01.jpg,S190,../../../openbr/data/MEDS/img/S190-01-t10_01.jpg,0.34210228647145091,1
141,S190,../../../openbr/data/MEDS/img/S190-03-t10_01.jpg,S190,../../../openbr/data/MEDS/img/S190-01-t10_01.jpg,0.41022914067153005,1
142,S191,../../../openbr/data/MEDS/img/S191-01-t10_01.jpg,S191,../../../openbr/data/MEDS/img/S191-02-t10_01.jpg,0.33982001787358163,1
143,S193,../../../openbr/data/MEDS/img/S193-01-t10_01.jpg,S193,../../../openbr/data/MEDS/img/S193-02-t10_01.jpg,0.19436927257709474,1
144,S194,../../../openbr/data/MEDS/img/S194-01-t10_01.jpg,S194,../../../openbr/data/MEDS/img/S194-02-t10_01.jpg,0.25988585191331293,1
145,S195,../../../openbr/data/MEDS/img/S195-01-t10_01.jpg,S195,../../../openbr/data/MEDS/img/S195-04-t10_01.jpg,0.23771657978507965,1
146,S195,../../../openbr/data/MEDS/img/S195-02-t10_01.jpg,S195,../../../openbr/data/MEDS/img/S195-04-t10_01.jpg,0.32697490242540883,1
147,S195,../../../openbr/data/MEDS/img/S195-03-t10_01.jpg,S195,../../../openbr/data/MEDS/img/S195-04-t10_01.jpg,0.24889767000895258,1
148,S198,../../../openbr/data/MEDS/img/S198-02-t10_01.jpg,S273,../../../openbr/data/MEDS/img/S273-05-t10_01.jpg,0.13998723929025753,0
149,S198,../../../openbr/data/MEDS/img/S198-03-t10_01.jpg,S414,../../../openbr/data/MEDS/img/S414-04-t10_01.jpg,0.16254846152525693,0
150,S198,../../../openbr/data/MEDS/img/S198-04-t10_01.jpg,S414,../../../openbr/data/MEDS/img/S414-04-t10_01.jpg,0.14993673847454506,0
151,S198,../../../openbr/data/MEDS/img/S198-05-t10_01.jpg,S414,../../../openbr/data/MEDS/img/S414-04-t10_01.jpg,0.12759135474261951,0
152,S199,../../../openbr/data/MEDS/img/S199-02-t10_01.jpg,S199,../../../openbr/data/MEDS/img/S199-01-t10_01.jpg,0.035520041926369844,1
153,S201,../../../openbr/data/MEDS/img/S201-01-t10_01.jpg,S201,../../../openbr/data/MEDS/img/S201-03-t10_01.jpg,0.09004412243773674,1
154,S201,../../../openbr/data/MEDS/img/S201-02-t10_01.jpg,S201,../../../openbr/data/MEDS/img/S201-03-t10_01.jpg,0.1619604150288293,1
155,S202,../../../openbr/data/MEDS/img/S202-01-t10_01.jpg,S202,../../../openbr/data/MEDS/img/S202-02-t10_01.jpg,0.073316937729869233,1
156,S202,../../../openbr/data/MEDS/img/S202-03-t10_01.jpg,S202,../../../openbr/data/MEDS/img/S202-02-t10_01.jpg,0.22752243579498474,1
157,S202,../../../openbr/data/MEDS/img/S202-04-t10_01.jpg,S202,../../../openbr/data/MEDS/img/S202-02-t10_01.jpg,0.14041523457444841,1
158,S203,../../../openbr/data/MEDS/img/S203-02-t10_01.jpg,S374,../../../openbr/data/MEDS/img/S374-01-t10_01.jpg,0.55064274403803171,0
159,S203,../../../openbr/data/MEDS/img/S203-03-t10_01.jpg,S075,../../../openbr/data/MEDS/img/S075-01-t10_01.jpg,0.4972923758713591,0
160,S206,../../../openbr/data/MEDS/img/S206-01-t10_01.jpg,S160,../../../openbr/data/MEDS/img/S160-01-t10_01.jpg,0.5894629962301462,0
161,S212,../../../openbr/data/MEDS/img/S212-02-t10_01.jpg,S212,../../../openbr/data/MEDS/img/S212-01-t10_01.jpg,0.4014622453288984,1
162,S212,../../../openbr/data/MEDS/img/S212-03-t10_01.jpg,S212,../../../openbr/data/MEDS/img/S212-01-t10_01.jpg,0.54322261898003754,1
163,S214,../../../openbr/data/MEDS/img/S214-01-t10_01.jpg,S072,../../../openbr/data/MEDS/img/S072-01-t10_01.jpg,0.16676159311745939,0
164,S214,../../../openbr/data/MEDS/img/S214-02-t10_01.jpg,S214,../../../openbr/data/MEDS/img/S214-03-t10_01.jpg,0.21555779707610362,1
165,S214,../../../openbr/data/MEDS/img/S214-04-t10_01.jpg,S260,../../../openbr/data/MEDS/img/S260-01-t10_01.jpg,0.15101054754073923,0
166,S215,../../../openbr/data/MEDS/img/S215-01-t10_01.jpg,S380,../../../openbr/data/MEDS/img/S380-01-t10_01.jpg,0.18307545886801208,0
167,S215,../../../openbr/data/MEDS/img/S215-02-t10_01.jpg,S469,../../../openbr/data/MEDS/img/S469-05-t10_01.jpg,0.1094250738527824,0
168,S215,../../../openbr/data/MEDS/img/S215-03-t10_01.jpg,S280,../../../openbr/data/MEDS/img/S280-09-t10_01.jpg,0.10825314394912339,0
169,S219,../../../openbr/data/MEDS/img/S219-01-t10_01.jpg,S146,../../../openbr/data/MEDS/img/S146-01-t10_01.jpg,0.40019018432478448,0
170,S219,../../../openbr/data/MEDS/img/S219-03-t10_01.jpg,S219,../../../openbr/data/MEDS/img/S219-02-t10_01.jpg,0.37331858821648856,1
171,S220,../../../openbr/data/MEDS/img/S220-01-t10_01.jpg,S243,../../../openbr/data/MEDS/img/S243-06-t10_01.jpg,0.179404983713434,0
172,S222,../../../openbr/data/MEDS/img/S222-02-t10_01.jpg,S222,../../../openbr/data/MEDS/img/S222-01-t10_01.jpg,0.19630204862146083,1
173,S223,../../../openbr/data/MEDS/img/S223-01-t10_01.jpg,S223,../../../openbr/data/MEDS/img/S223-03-t10_01.jpg,0.13163647163130404,1
174,S223,../../../openbr/data/MEDS/img/S223-02-t10_01.jpg,S223,../../../openbr/data/MEDS/img/S223-03-t10_01.jpg,0.26526460738903651,1
175,S225,../../../openbr/data/MEDS/img/S225-01-t10_01.jpg,S023,../../../openbr/data/MEDS/img/S023-01-t10_01.jpg,0.13642031290516626,0
176,S226,../../../openbr/data/MEDS/img/S226-01-t10_01.jpg,S226,../../../openbr/data/MEDS/img/S226-02-t10_01.jpg,0.055201878718398538,1
177,S227,../../../openbr/data/MEDS/img/S227-01-t10_01.jpg,S227,../../../openbr/data/MEDS/img/S227-02-t10_01.jpg,0.32158489636181969,1
178,S228,../../../openbr/data/MEDS/img/S228-02-t10_01.jpg,S228,../../../openbr/data/MEDS/img/S228-01-t10_01.jpg,0.1799765009142707,1
179,S228,../../../openbr/data/MEDS/img/S228-03-t10_01.jpg,S228,../../../openbr/data/MEDS/img/S228-01-t10_01.jpg,0.10463849999076372,1
180,S232,../../../openbr/data/MEDS/img/S232-01-t10_01.jpg,S232,../../../openbr/data/MEDS/img/S232-02-t10_01.jpg,0.22121340490309208,1
181,S239,../../../openbr/data/MEDS/img/S239-01-t10_01.jpg,S239,../../../openbr/data/MEDS/img/S239-02-t10_01.jpg,0.10264065771195827,1
182,S240,../../../openbr/data/MEDS/img/S240-02-t10_01.jpg,S240,../../../openbr/data/MEDS/img/S240-01-t10_01.jpg,0.11494148284382477,1
183,S243,../../../openbr/data/MEDS/img/S243-01-t10_01.jpg,S301,../../../openbr/data/MEDS/img/S301-01-t10_01.jpg,0.15568855215214888,0
184,S243,../../../openbr/data/MEDS/img/S243-02-t10_01.jpg,S243,../../../openbr/data/MEDS/img/S243-06-t10_01.jpg,0.18885126498313043,1
185,S243,../../../openbr/data/MEDS/img/S243-03-t10_01.jpg,S301,../../../openbr/data/MEDS/img/S301-01-t10_01.jpg,0.14907926591370033,0
186,S243,../../../openbr/data/MEDS/img/S243-04-t10_01.jpg,S243,../../../openbr/data/MEDS/img/S243-06-t10_01.jpg,0.17288841880052735,1
187,S243,../../../openbr/data/MEDS/img/S243-05-t10_01.jpg,S243,../../../openbr/data/MEDS/img/S243-06-t10_01.jpg,0.16105464195807501,1
188,S243,../../../openbr/data/MEDS/img/S243-07-t10_01.jpg,S243,../../../openbr/data/MEDS/img/S243-06-t10_01.jpg,0.15890939737391518,1
189,S243,../../../openbr/data/MEDS/img/S243-08-t10_01.jpg,S243,../../../openbr/data/MEDS/img/S243-06-t10_01.jpg,0.19273746973724737,1
190,S243,../../../openbr/data/MEDS/img/S243-09-t10_01.jpg,S403,../../../openbr/data/MEDS/img/S403-03-t10_01.jpg,0.25105709558947059,0
191,S249,../../../openbr/data/MEDS/img/S249-02-t10_01.jpg,S249,../../../openbr/data/MEDS/img/S249-01-t10_01.jpg,0.067174946585118425,1
192,S250,../../../openbr/data/MEDS/img/S250-01-t10_01.jpg,S250,../../../openbr/data/MEDS/img/S250-02-t10_01.jpg,0.28910520099815173,1
193,S253,../../../openbr/data/MEDS/img/S253-01-t10_01.jpg,S253,../../../openbr/data/MEDS/img/S253-02-t10_01.jpg,0.10197303023535827,1
194,S253,../../../openbr/data/MEDS/img/S253-03-t10_01.jpg,S253,../../../openbr/data/MEDS/img/S253-02-t10_01.jpg,0.29565581043208022,1
195,S253,../../../openbr/data/MEDS/img/S253-04-t10_01.jpg,S253,../../../openbr/data/MEDS/img/S253-02-t10_01.jpg,0.30573435249800829,1
196,S254,../../../openbr/data/MEDS/img/S254-01-t10_01.jpg,S276,../../../openbr/data/MEDS/img/S276-01-t10_01.jpg,0.31506737498943671,0
197,S254,../../../openbr/data/MEDS/img/S254-02-t10_01.jpg,S254,../../../openbr/data/MEDS/img/S254-03-t10_01.jpg,0.31145773503147656,1
198,S256,../../../openbr/data/MEDS/img/S256-02-t10_01.jpg,S120,../../../openbr/data/MEDS/img/S120-01-t10_01.jpg,0.20904964270528242,0
199,S258,../../../openbr/data/MEDS/img/S258-02-t10_01.jpg,S077,../../../openbr/data/MEDS/img/S077-01-t10_01.jpg,0.43604631886378908,0
200,S261,../../../openbr/data/MEDS/img/S261-02-t10_01.jpg,S261,../../../openbr/data/MEDS/img/S261-01-t10_01.jpg,0.54200186122995597,1
201,S272,../../../openbr/data/MEDS/img/S272-02-t10_01.jpg,S272,../../../openbr/data/MEDS/img/S272-01-t10_01.jpg,0.54316307654536855,1
202,S273,../../../openbr/data/MEDS/img/S273-01-t10_01.jpg,S094,../../../openbr/data/MEDS/img/S094-01-t10_01.jpg,0.27195512924449328,0
203,S273,../../../openbr/data/MEDS/img/S273-02-t10_01.jpg,S094,../../../openbr/data/MEDS/img/S094-01-t10_01.jpg,0.32592215927370605,0
204,S273,../../../openbr/data/MEDS/img/S273-03-t10_01.jpg,S225,../../../openbr/data/MEDS/img/S225-02-t10_01.jpg,0.27847273338050166,0
205,S273,../../../openbr/data/MEDS/img/S273-04-t10_01.jpg,S283,../../../openbr/data/MEDS/img/S283-01-t10_01.jpg,0.28871906907677436,0
206,S280,../../../openbr/data/MEDS/img/S280-01-t10_01.jpg,S280,../../../openbr/data/MEDS/img/S280-09-t10_01.jpg,0.06195901256421462,1
207,S280,../../../openbr/data/MEDS/img/S280-02-t10_01.jpg,S280,../../../openbr/data/MEDS/img/S280-09-t10_01.jpg,0.083148763033341122,1
208,S280,../../../openbr/data/MEDS/img/S280-03-t10_01.jpg,S280,../../../openbr/data/MEDS/img/S280-09-t10_01.jpg,0.11195078399644062,1
209,S280,../../../openbr/data/MEDS/img/S280-04-t10_01.jpg,S280,../../../openbr/data/MEDS/img/S280-09-t10_01.jpg,0.09859233231522152,1
210,S280,../../../openbr/data/MEDS/img/S280-05-t10_01.jpg,S280,../../../openbr/data/MEDS/img/S280-09-t10_01.jpg,0.1445224765360415,1
211,S280,../../../openbr/data/MEDS/img/S280-06-t10_01.jpg,S280,../../../openbr/data/MEDS/img/S280-09-t10_01.jpg,0.10248712558200931,1
212,S280,../../../openbr/data/MEDS/img/S280-07-t10_01.jpg,S103,../../../openbr/data/MEDS/img/S103-01-t10_01.jpg,0.11763124908159647,0
213,S280,../../../openbr/data/MEDS/img/S280-08-t10_01.jpg,S280,../../../openbr/data/MEDS/img/S280-09-t10_01.jpg,0.073966006001074794,1
214,S280,../../../openbr/data/MEDS/img/S280-10-t10_01.jpg,S280,../../../openbr/data/MEDS/img/S280-09-t10_01.jpg,0.081714696614839682,1
215,S282,../../../openbr/data/MEDS/img/S282-01-t10_01.jpg,S497,../../../openbr/data/MEDS/img/S497-03-t10_01.jpg,0.15442854538564291,0
216,S282,../../../openbr/data/MEDS/img/S282-02-t10_01.jpg,S282,../../../openbr/data/MEDS/img/S282-03-t10_01.jpg,0.29594902352304736,1
217,S283,../../../openbr/data/MEDS/img/S283-02-t10_01.jpg,S283,../../../openbr/data/MEDS/img/S283-01-t10_01.jpg,0.054287077520873125,1
218,S284,../../../openbr/data/MEDS/img/S284-02-t10_01.jpg,S284,../../../openbr/data/MEDS/img/S284-01-t10_01.jpg,0.28685223338790894,1
219,S288,../../../openbr/data/MEDS/img/S288-02-t10_01.jpg,S310,../../../openbr/data/MEDS/img/S310-02-t10_01.jpg,0.2937199157674133,0
220,S288,../../../openbr/data/MEDS/img/S288-03-t10_01.jpg,S414,../../../openbr/data/MEDS/img/S414-04-t10_01.jpg,0.18738940479524929,0
221,S288,../../../openbr/data/MEDS/img/S288-04-t10_01.jpg,S486,../../../openbr/data/MEDS/img/S486-01-t10_01.jpg,0.20430492112930398,0
222,S288,../../../openbr/data/MEDS/img/S288-05-t10_01.jpg,S019,../../../openbr/data/MEDS/img/S019-01-t10_01.jpg,0.2670421527489133,0
223,S291,../../../openbr/data/MEDS/img/S291-02-t10_01.jpg,S291,../../../openbr/data/MEDS/img/S291-01-t10_01.jpg,0.078739167050716666,1
224,S296,../../../openbr/data/MEDS/img/S296-01-t10_01.jpg,S296,../../../openbr/data/MEDS/img/S296-04-t10_01.jpg,0.19819980932661857,1
225,S296,../../../openbr/data/MEDS/img/S296-02-t10_01.jpg,S296,../../../openbr/data/MEDS/img/S296-04-t10_01.jpg,0.28048974360716195,1
226,S296,../../../openbr/data/MEDS/img/S296-03-t10_01.jpg,S296,../../../openbr/data/MEDS/img/S296-04-t10_01.jpg,0.23688724521598767,1
227,S296,../../../openbr/data/MEDS/img/S296-05-t10_01.jpg,S296,../../../openbr/data/MEDS/img/S296-04-t10_01.jpg,0.15803340499163629,1
228,S296,../../../openbr/data/MEDS/img/S296-06-t10_01.jpg,S296,../../../openbr/data/MEDS/img/S296-04-t10_01.jpg,0.18762226932628689,1
229,S296,../../../openbr/data/MEDS/img/S296-07-t10_01.jpg,S296,../../../openbr/data/MEDS/img/S296-04-t10_01.jpg,0.24038983364906311,1
230,S296,../../../openbr/data/MEDS/img/S296-08-t10_01.jpg,S296,../../../openbr/data/MEDS/img/S296-04-t10_01.jpg,0.37991477755104575,1
231,S296,../../../openbr/data/MEDS/img/S296-09-t10_01.jpg,S296,../../../openbr/data/MEDS/img/S296-04-t10_01.jpg,0.27211872885009758,1
232,S296,../../../openbr/data/MEDS/img/S296-10-t10_01.jpg,S296,../../../openbr/data/MEDS/img/S296-04-t10_01.jpg,0.23000447546550401,1
233,S297,../../../openbr/data/MEDS/img/S297-02-t10_01.jpg,S117,../../../openbr/data/MEDS/img/S117-02-t10_01.jpg,0.46564648364128913,0
234,S300,../../../openbr/data/MEDS/img/S300-01-t10_01.jpg,S117,../../../openbr/data/MEDS/img/S117-02-t10_01.jpg,0.33834186308343961,0
235,S304,../../../openbr/data/MEDS/img/S304-01-t10_01.jpg,S304,../../../openbr/data/MEDS/img/S304-02-t10_01.jpg,0.15114855588778847,1
236,S304,../../../openbr/data/MEDS/img/S304-03-t10_01.jpg,S304,../../../openbr/data/MEDS/img/S304-02-t10_01.jpg,0.098097525863102941,1
237,S309,../../../openbr/data/MEDS/img/S309-02-t10_01.jpg,S173,../../../openbr/data/MEDS/img/S173-01-t10_01.jpg,0.56043249723856059,0
238,S309,../../../openbr/data/MEDS/img/S309-03-t10_01.jpg,S309,../../../openbr/data/MEDS/img/S309-01-t10_01.jpg,0.31014146466618486,1
239,S309,../../../openbr/data/MEDS/img/S309-04-t10_01.jpg,S309,../../../openbr/data/MEDS/img/S309-01-t10_01.jpg,0.43793844643667784,1
240,S309,../../../openbr/data/MEDS/img/S309-05-t10_01.jpg,S061,../../../openbr/data/MEDS/img/S061-01-t10_01.jpg,0.41788516059422515,0
241,S310,../../../openbr/data/MEDS/img/S310-01-t10_01.jpg,S207,../../../openbr/data/MEDS/img/S207-01-t10_01.jpg,0.31407060518348845,0
242,S310,../../../openbr/data/MEDS/img/S310-03-t10_01.jpg,S274,../../../openbr/data/MEDS/img/S274-01-t10_01.jpg,0.42527081034524611,0
243,S310,../../../openbr/data/MEDS/img/S310-04-t10_01.jpg,S207,../../../openbr/data/MEDS/img/S207-01-t10_01.jpg,0.36173216572194067,0
244,S313,../../../openbr/data/MEDS/img/S313-01-t10_01.jpg,S313,../../../openbr/data/MEDS/img/S313-02-t10_01.jpg,0.10887358727208618,1
245,S315,../../../openbr/data/MEDS/img/S315-02-t10_01.jpg,S315,../../../openbr/data/MEDS/img/S315-01-t10_01.jpg,0.087600165771791388,1
246,S316,../../../openbr/data/MEDS/img/S316-01-t10_01.jpg,S137,../../../openbr/data/MEDS/img/S137-01-t10_01.jpg,0.46287744403086395,0
247,S316,../../../openbr/data/MEDS/img/S316-02-t10_01.jpg,S316,../../../openbr/data/MEDS/img/S316-04-t10_01.jpg,0.21712365731043431,1
248,S316,../../../openbr/data/MEDS/img/S316-03-t10_01.jpg,S316,../../../openbr/data/MEDS/img/S316-04-t10_01.jpg,0.16554088126706712,1
249,S316,../../../openbr/data/MEDS/img/S316-05-t10_01.jpg,S316,../../../openbr/data/MEDS/img/S316-04-t10_01.jpg,0.33638538127053008,1
250,S316,../../../openbr/data/MEDS/img/S316-06-t10_01.jpg,S316,../../../openbr/data/MEDS/img/S316-04-t10_01.jpg,0.11632464535637885,1
251,S316,../../../openbr/data/MEDS/img/S316-07-t10_01.jpg,S316,../../../openbr/data/MEDS/img/S316-04-t10_01.jpg,0.25852296861632906,1
252,S316,../../../openbr/data/MEDS/img/S316-08-t10_01.jpg,S316,../../../openbr/data/MEDS/img/S316-04-t10_01.jpg,0.19272223517378523,1
253,S321,../../../openbr/data/MEDS/img/S321-01-t10_01.jpg,S321,../../../openbr/data/MEDS/img/S321-02-t10_01.jpg,0.28732425741184414,1
254,S321,../../../openbr/data/MEDS/img/S321-03-t10_01.jpg,S321,../../../openbr/data/MEDS/img/S321-02-t10_01.jpg,0.26477613601860378,1
255,S324,../../../openbr/data/MEDS/img/S324-01-t10_01.jpg,S324,../../../openbr/data/MEDS/img/S324-02-t10_01.jpg,0.064395253661313115,1
256,S331,../../../openbr/data/MEDS/img/S331-01-t10_01.jpg,S331,../../../openbr/data/MEDS/img/S331-02-t10_01.jpg,0.58709136888362523,1
257,S333,../../../openbr/data/MEDS/img/S333-02-t10_01.jpg,S333,../../../openbr/data/MEDS/img/S333-01-t10_01.jpg,0.19587671372616941,1
258,S335,../../../openbr/data/MEDS/img/S335-02-t10_01.jpg,S335,../../../openbr/data/MEDS/img/S335-01-t10_01.jpg,0.3320325581217598,1
259,S336,../../../openbr/data/MEDS/img/S336-02-t10_01.jpg,S053,../../../openbr/data/MEDS/img/S053-01-t10_01.jpg,0.57983482053303859,0
260,S341,../../../openbr/data/MEDS/img/S341-01-t10_01.jpg,S107,../../../openbr/data/MEDS/img/S107-01-t10_01.jpg,0.15998626404463973,0
261,S346,../../../openbr/data/MEDS/img/S346-01-t10_01.jpg,S469,../../../openbr/data/MEDS/img/S469-05-t10_01.jpg,0.16036377393421158,0
262,S346,../../../openbr/data/MEDS/img/S346-03-t10_01.jpg,S346,../../../openbr/data/MEDS/img/S346-02-t10_01.jpg,0.08877123224314612,1
263,S350,../../../openbr/data/MEDS/img/S350-01-t10_01.jpg,S476,../../../openbr/data/MEDS/img/S476-01-t10_01.jpg,0.20360243922981136,0
264,S351,../../../openbr/data/MEDS/img/S351-02-t10_01.jpg,S351,../../../openbr/data/MEDS/img/S351-01-t10_01.jpg,0.14322813084422512,1
265,S352,../../../openbr/data/MEDS/img/S352-01-t10_01.jpg,S352,../../../openbr/data/MEDS/img/S352-03-t10_01.jpg,0.13776175114900469,1
266,S352,../../../openbr/data/MEDS/img/S352-02-t10_01.jpg,S352,../../../openbr/data/MEDS/img/S352-03-t10_01.jpg,0.17515912895815308,1
267,S352,../../../openbr/data/MEDS/img/S352-04-t10_01.jpg,S352,../../../openbr/data/MEDS/img/S352-03-t10_01.jpg,0.23720970571771932,1
268,S353,../../../openbr/data/MEDS/img/S353-01-t10_01.jpg,S353,../../../openbr/data/MEDS/img/S353-05-t10_01.jpg,0.097194361056086032,1
269,S353,../../../openbr/data/MEDS/img/S353-02-t10_01.jpg,S353,../../../openbr/data/MEDS/img/S353-05-t10_01.jpg,0.18973328567845127,1
270,S353,../../../openbr/data/MEDS/img/S353-03-t10_01.jpg,S353,../../../openbr/data/MEDS/img/S353-05-t10_01.jpg,0.15698807776845905,1
271,S353,../../../openbr/data/MEDS/img/S353-04-t10_01.jpg,S353,../../../openbr/data/MEDS/img/S353-05-t10_01.jpg,0.20287106232685198,1
272,S353,../../../openbr/data/MEDS/img/S353-06-t10_01.jpg,S353,../../../openbr/data/MEDS/img/S353-05-t10_01.jpg,0.16713300613032475,1
273,S353,../../../openbr/data/MEDS/img/S353-07-t10_01.jpg,S103,../../../openbr/data/MEDS/img/S103-01-t10_01.jpg,0.16813275733459371,0
274,S353,../../../openbr/data/MEDS/img/S353-08-t10_01.jpg,S353,../../../openbr/data/MEDS/img/S353-05-t10_01.jpg,0.13434324444613455,1
275,S354,../../../openbr/data/MEDS/img/S354-01-t10_01.jpg,S354,../../../openbr/data/MEDS/img/S354-02-t10_01.jpg,0.14902965373507909,1
276,S354,../../../openbr/data/MEDS/img/S354-03-t10_01.jpg,S354,../../../openbr/data/MEDS/img/S354-02-t10_01.jpg,0.12859355574113943,1
277,S354,../../../openbr/data/MEDS/img/S354-04-t10_01.jpg,S354,../../../openbr/data/MEDS/img/S354-02-t10_01.jpg,0.23548616553911175,1
278,S355,../../../openbr/data/MEDS/img/S355-02-t10_01.jpg,S355,../../../openbr/data/MEDS/img/S355-01-t10_01.jpg,0.21071936788349249,1
279,S357,../../../openbr/data/MEDS/img/S357-02-t10_01.jpg,S357,../../../openbr/data/MEDS/img/S357-01-t10_01.jpg,0.11095763746642112,1
280,S364,../../../openbr/data/MEDS/img/S364-02-t10_01.jpg,S364,../../../openbr/data/MEDS/img/S364-01-t10_01.jpg,0.15918580403382052,1
281,S367,../../../openbr/data/MEDS/img/S367-02-t10_01.jpg,S168,../../../openbr/data/MEDS/img/S168-01-t10_01.jpg,0.46517806935742323,0
282,S373,../../../openbr/data/MEDS/img/S373-02-t10_01.jpg,S373,../../../openbr/data/MEDS/img/S373-01-t10_01.jpg,0.11341737324150387,1
283,S373,../../../openbr/data/MEDS/img/S373-03-t10_01.jpg,S373,../../../openbr/data/MEDS/img/S373-01-t10_01.jpg,0.13189527744302604,1
284,S373,../../../openbr/data/MEDS/img/S373-04-t10_01.jpg,S373,../../../openbr/data/MEDS/img/S373-01-t10_01.jpg,0.14465920911323471,1
285,S373,../../../openbr/data/MEDS/img/S373-05-t10_01.jpg,S373,../../../openbr/data/MEDS/img/S373-01-t10_01.jpg,0.21651464424474084,1
286,S373,../../../openbr/data/MEDS/img/S373-06-t10_01.jpg,S373,../../../openbr/data/MEDS/img/S373-01-t10_01.jpg,0.13466996228113831,1
287,S375,../../../openbr/data/MEDS/img/S375-01-t10_01.jpg,S375,../../../openbr/data/MEDS/img/S375-02-t10_01.jpg,0.19092847238752436,1
288,S376,../../../openbr/data/MEDS/img/S376-01-t10_01.jpg,S376,../../../openbr/data/MEDS/img/S376-03-t10_01.jpg,0.08742199689749755,1
289,S376,../../../openbr/data/MEDS/img/S376-02-t10_01.jpg,S376,../../../openbr/data/MEDS/img/S376-03-t10_01.jpg,0.068468763585006795,1
290,S380,../../../openbr/data/MEDS/img/S380-02-t10_01.jpg,S505,../../../openbr/data/MEDS/img/S505-01-t10_01.jpg,0.1552388142898368,0
291,S380,../../../openbr/data/MEDS/img/S380-03-t10_01.jpg,S068,../../../openbr/data/MEDS/img/S068-01-t10_01.jpg,0.1110087938186419,0
292,S380,../../../openbr/data/MEDS/img/S380-04-t10_01.jpg,S380,../../../openbr/data/MEDS/img/S380-01-t10_01.jpg,0.15929077592386381,1
293,S380,../../../openbr/data/MEDS/img/S380-05-t10_01.jpg,S103,../../../openbr/data/MEDS/img/S103-01-t10_01.jpg,0.16171768641953874,0
294,S380,../../../openbr/data/MEDS/img/S380-06-t10_01.jpg,S380,../../../openbr/data/MEDS/img/S380-01-t10_01.jpg,0.1182415519764993,1
295,S380,../../../openbr/data/MEDS/img/S380-07-t10_01.jpg,S380,../../../openbr/data/MEDS/img/S380-01-t10_01.jpg,0.13158197736199098,1
296,S381,../../../openbr/data/MEDS/img/S381-02-t10_01.jpg,S381,../../../openbr/data/MEDS/img/S381-01-t10_01.jpg,0.17165341703625134,1
297,S382,../../../openbr/data/MEDS/img/S382-02-t10_01.jpg,S382,../../../openbr/data/MEDS/img/S382-01-t10_01.jpg,0.26911223078531415,1
298,S382,../../../openbr/data/MEDS/img/S382-03-t10_01.jpg,S382,../../../openbr/data/MEDS/img/S382-01-t10_01.jpg,0.25994865915091964,1
299,S382,../../../openbr/data/MEDS/img/S382-04-t10_01.jpg,S382,../../../openbr/data/MEDS/img/S382-01-t10_01.jpg,0.20454855568777966,1
300,S382,../../../openbr/data/MEDS/img/S382-05-t10_01.jpg,S382,../../../openbr/data/MEDS/img/S382-01-t10_01.jpg,0.1203803711613886,1
301,S382,../../../openbr/data/MEDS/img/S382-06-t10_01.jpg,S382,../../../openbr/data/MEDS/img/S382-01-t10_01.jpg,0.48393943579941678,1
302,S382,../../../openbr/data/MEDS/img/S382-07-t10_01.jpg,S208,../../../openbr/data/MEDS/img/S208-01-t10_01.jpg,0.59167743231214887,0
303,S382,../../../openbr/data/MEDS/img/S382-08-t10_01.jpg,S382,../../../openbr/data/MEDS/img/S382-01-t10_01.jpg,0.23594253721193359,1
304,S382,../../../openbr/data/MEDS/img/S382-09-t10_01.jpg,S382,../../../openbr/data/MEDS/img/S382-01-t10_01.jpg,0.17452748402238075,1
305,S382,../../../openbr/data/MEDS/img/S382-10-t10_01.jpg,S382,../../../openbr/data/MEDS/img/S382-01-t10_01.jpg,0.3661837093806809,1
306,S383,../../../openbr/data/MEDS/img/S383-02-t10_01.jpg,S227,../../../openbr/data/MEDS/img/S227-02-t10_01.jpg,0.45063008719476588,0
307,S384,../../../openbr/data/MEDS/img/S384-01-t10_01.jpg,S384,../../../openbr/data/MEDS/img/S384-02-t10_01.jpg,0.51619152449433492,1
308,S385,../../../openbr/data/MEDS/img/S385-01-t10_01.jpg,S134,../../../openbr/data/MEDS/img/S134-03-t10_01.jpg,0.90180648868126145,0
309,S386,../../../openbr/data/MEDS/img/S386-02-t10_01.jpg,S386,../../../openbr/data/MEDS/img/S386-01-t10_01.jpg,0.35114321384228853,1
310,S386,../../../openbr/data/MEDS/img/S386-03-t10_01.jpg,S386,../../../openbr/data/MEDS/img/S386-01-t10_01.jpg,0.26149560239916125,1
311,S386,../../../openbr/data/MEDS/img/S386-04-t10_01.jpg,S386,../../../openbr/data/MEDS/img/S386-01-t10_01.jpg,0.41358759066630374,1
312,S386,../../../openbr/data/MEDS/img/S386-05-t10_01.jpg,S090,../../../openbr/data/MEDS/img/S090-01-t10_01.jpg,0.65851909862129565,0
313,S386,../../../openbr/data/MEDS/img/S386-06-t10_01.jpg,S386,../../../openbr/data/MEDS/img/S386-01-t10_01.jpg,0.45286117647407842,1
314,S386,../../../openbr/data/MEDS/img/S386-07-t10_01.jpg,S386,../../../openbr/data/MEDS/img/S386-01-t10_01.jpg,0.60741865564399311,1
315,S386,../../../openbr/data/MEDS/img/S386-08-t10_01.jpg,S041,../../../openbr/data/MEDS/img/S041-01-t10_01.jpg,0.47247950859956245,0
316,S387,../../../openbr/data/MEDS/img/S387-01-t10_01.jpg,S387,../../../openbr/data/MEDS/img/S387-03-t10_01.jpg,0.33878563392821637,1
317,S387,../../../openbr/data/MEDS/img/S387-02-t10_01.jpg,S222,../../../openbr/data/MEDS/img/S222-01-t10_01.jpg,0.5069763710618338,0
318,S388,../../../openbr/data/MEDS/img/S388-01-t10_01.jpg,S342,../../../openbr/data/MEDS/img/S342-01-t10_01.jpg,0.18556020892667816,0
319,S388,../../../openbr/data/MEDS/img/S388-02-t10_01.jpg,S477,../../../openbr/data/MEDS/img/S477-02-t10_01.jpg,0.15420709137945671,0
320,S388,../../../openbr/data/MEDS/img/S388-03-t10_01.jpg,S404,../../../openbr/data/MEDS/img/S404-01-t10_01.jpg,0.19424158487143856,0
321,S388,../../../openbr/data/MEDS/img/S388-04-t10_01.jpg,S388,../../../openbr/data/MEDS/img/S388-06-t10_01.jpg,0.092243027273611888,1
322,S388,../../../openbr/data/MEDS/img/S388-05-t10_01.jpg,S103,../../../openbr/data/MEDS/img/S103-01-t10_01.jpg,0.074497748887537601,0
323,S388,../../../openbr/data/MEDS/img/S388-07-t10_01.jpg,S404,../../../openbr/data/MEDS/img/S404-01-t10_01.jpg,0.18603666071265385,0
324,S388,../../../openbr/data/MEDS/img/S388-08-t10_01.jpg,S388,../../../openbr/data/MEDS/img/S388-06-t10_01.jpg,0.083135496082601096,1
325,S388,../../../openbr/data/MEDS/img/S388-09-t10_01.jpg,S103,../../../openbr/data/MEDS/img/S103-01-t10_01.jpg,0.13822099282986078,0
326,S388,../../../openbr/data/MEDS/img/S388-10-t10_01.jpg,S469,../../../openbr/data/MEDS/img/S469-05-t10_01.jpg,0.18900865920255078,0
327,S388,../../../openbr/data/MEDS/img/S388-11-t10_01.jpg,S350,../../../openbr/data/MEDS/img/S350-02-t10_01.jpg,0.36428263824555607,0
328,S388,../../../openbr/data/MEDS/img/S388-12-t10_01.jpg,S076,../../../openbr/data/MEDS/img/S076-02-t10_01.jpg,0.2070424995461029,0
329,S388,../../../openbr/data/MEDS/img/S388-13-t10_01.jpg,S477,../../../openbr/data/MEDS/img/S477-02-t10_01.jpg,0.16519338204579845,0
330,S388,../../../openbr/data/MEDS/img/S388-14-t10_01.jpg,S466,../../../openbr/data/MEDS/img/S466-06-t10_01.jpg,0.13352543117385657,0
331,S388,../../../openbr/data/MEDS/img/S388-15-t10_01.jpg,S404,../../../openbr/data/MEDS/img/S404-01-t10_01.jpg,0.11606189855221488,0
332,S388,../../../openbr/data/MEDS/img/S388-16-t10_01.jpg,S103,../../../openbr/data/MEDS/img/S103-01-t10_01.jpg,0.075266848449827922,0
333,S388,../../../openbr/data/MEDS/img/S388-17-t10_01.jpg,S416,../../../openbr/data/MEDS/img/S416-01-t10_01.jpg,0.13037315616343056,0
334,S388,../../../openbr/data/MEDS/img/S388-18-t10_01.jpg,S416,../../../openbr/data/MEDS/img/S416-01-t10_01.jpg,0.17500374446679018,0
335,S389,../../../openbr/data/MEDS/img/S389-02-t10_01.jpg,S389,../../../openbr/data/MEDS/img/S389-01-t10_01.jpg,0.36969873244447266,1
336,S390,../../../openbr/data/MEDS/img/S390-01-t10_01.jpg,S390,../../../openbr/data/MEDS/img/S390-02-t10_01.jpg,0.14978684837408601,1
337,S391,../../../openbr/data/MEDS/img/S391-02-t10_01.jpg,S391,../../../openbr/data/MEDS/img/S391-01-t10_01.jpg,0.12718277788038623,1
338,S391,../../../openbr/data/MEDS/img/S391-03-t10_01.jpg,S391,../../../openbr/data/MEDS/img/S391-01-t10_01.jpg,0.10447745274827366,1
339,S392,../../../openbr/data/MEDS/img/S392-01-t10_01.jpg,S392,../../../openbr/data/MEDS/img/S392-08-t10_01.jpg,0.24182811526499948,1
340,S392,../../../openbr/data/MEDS/img/S392-02-t10_01.jpg,S392,../../../openbr/data/MEDS/img/S392-08-t10_01.jpg,0.34879542959007742,1
341,S392,../../../openbr/data/MEDS/img/S392-03-t10_01.jpg,S392,../../../openbr/data/MEDS/img/S392-08-t10_01.jpg,0.28290881070721186,1
342,S392,../../../openbr/data/MEDS/img/S392-04-t10_01.jpg,S392,../../../openbr/data/MEDS/img/S392-08-t10_01.jpg,0.36004342976481918,1
343,S392,../../../openbr/data/MEDS/img/S392-05-t10_01.jpg,S392,../../../openbr/data/MEDS/img/S392-08-t10_01.jpg,0.21734568327615186,1
344,S392,../../../openbr/data/MEDS/img/S392-06-t10_01.jpg,S392,../../../openbr/data/MEDS/img/S392-08-t10_01.jpg,0.34012087212775488,1
345,S392,../../../openbr/data/MEDS/img/S392-07-t10_01.jpg,S392,../../../openbr/data/MEDS/img/S392-08-t10_01.jpg,0.20535471879995604,1
346,S393,../../../openbr/data/MEDS/img/S393-02-t10_01.jpg,S393,../../../openbr/data/MEDS/img/S393-01-t10_01.jpg,0.27375205948660258,1
347,S393,../../../openbr/data/MEDS/img/S393-03-t10_01.jpg,S232,../../../openbr/data/MEDS/img/S232-02-t10_01.jpg,0.34038234922669691,0
348,S393,../../../openbr/data/MEDS/img/S393-04-t10_01.jpg,S420,../../../openbr/data/MEDS/img/S420-04-t10_01.jpg,0.17282050266273175,0
349,S394,../../../openbr/data/MEDS/img/S394-01-t10_01.jpg,S394,../../../openbr/data/MEDS/img/S394-02-t10_01.jpg,0.042223280724696971,1
350,S394,../../../openbr/data/MEDS/img/S394-03-t10_01.jpg,S394,../../../openbr/data/MEDS/img/S394-02-t10_01.jpg,0.098091780028805142,1
351,S394,../../../openbr/data/MEDS/img/S394-04-t10_01.jpg,S082,../../../openbr/data/MEDS/img/S082-01-t10_01.jpg,0.29009144981247503,0
352,S394,../../../openbr/data/MEDS/img/S394-05-t10_01.jpg,S082,../../../openbr/data/MEDS/img/S082-01-t10_01.jpg,0.29847323525235619,0
353,S395,../../../openbr/data/MEDS/img/S395-01-t10_01.jpg,S395,../../../openbr/data/MEDS/img/S395-02-t10_01.jpg,0.16130206228617161,1
354,S396,../../../openbr/data/MEDS/img/S396-01-t10_01.jpg,S396,../../../openbr/data/MEDS/img/S396-05-t10_01.jpg,0.079404024764589715,1
355,S396,../../../openbr/data/MEDS/img/S396-02-t10_01.jpg,S396,../../../openbr/data/MEDS/img/S396-05-t10_01.jpg,0.11150459453776382,1
356,S396,../../../openbr/data/MEDS/img/S396-03-t10_01.jpg,S396,../../../openbr/data/MEDS/img/S396-05-t10_01.jpg,0.13722179860402295,1
357,S396,../../../openbr/data/MEDS/img/S396-04-t10_01.jpg,S396,../../../openbr/data/MEDS/img/S396-05-t10_01.jpg,0.14377750501376502,1
358,S396,../../../openbr/data/MEDS/img/S396-06-t10_01.jpg,S396,../../../openbr/data/MEDS/img/S396-05-t10_01.jpg,0.22722037582755134,1
359,S396,../../../openbr/data/MEDS/img/S396-07-t10_01.jpg,S396,../../../openbr/data/MEDS/img/S396-05-t10_01.jpg,0.23787674922229848,1
360,S396,../../../openbr/data/MEDS/img/S396-08-t10_01.jpg,S205,../../../openbr/data/MEDS/img/S205-01-t10_01.jpg,0.31876116893614315,0
361,S396,../../../openbr/data/MEDS/img/S396-09-t10_01.jpg,S396,../../../openbr/data/MEDS/img/S396-05-t10_01.jpg,0.19602887611710326,1
362,S396,../../../openbr/data/MEDS/img/S396-10-t10_01.jpg,S120,../../../openbr/data/MEDS/img/S120-01-t10_01.jpg,0.21559726040653443,0
363,S396,../../../openbr/data/MEDS/img/S396-11-t10_01.jpg,S396,../../../openbr/data/MEDS/img/S396-05-t10_01.jpg,0.22557030595258229,1
364,S397,../../../openbr/data/MEDS/img/S397-02-t10_01.jpg,S397,../../../openbr/data/MEDS/img/S397-01-t10_01.jpg,0.43112837994500219,1
365,S397,../../../openbr/data/MEDS/img/S397-03-t10_01.jpg,S397,../../../openbr/data/MEDS/img/S397-01-t10_01.jpg,0.46809730845337266,1
366,S398,../../../openbr/data/MEDS/img/S398-01-t10_01.jpg,S398,../../../openbr/data/MEDS/img/S398-02-t10_01.jpg,0.089958788458257818,1
367,S398,../../../openbr/data/MEDS/img/S398-03-t10_01.jpg,S187,../../../openbr/data/MEDS/img/S187-01-t10_01.jpg,0.15722322313404191,0
368,S399,../../../openbr/data/MEDS/img/S399-01-t10_01.jpg,S196,../../../openbr/data/MEDS/img/S196-01-t10_01.jpg,0.24241282485673846,0
369,S399,../../../openbr/data/MEDS/img/S399-02-t10_01.jpg,S184,../../../openbr/data/MEDS/img/S184-01-t10_01.jpg,0.333696430584833,0
370,S399,../../../openbr/data/MEDS/img/S399-04-t10_01.jpg,S394,../../../openbr/data/MEDS/img/S394-02-t10_01.jpg,0.31388925349987989,0
371,S399,../../../openbr/data/MEDS/img/S399-05-t10_01.jpg,S213,../../../openbr/data/MEDS/img/S213-01-t10_01.jpg,0.42959903730733101,0
372,S399,../../../openbr/data/MEDS/img/S399-06-t10_01.jpg,S399,../../../openbr/data/MEDS/img/S399-03-t10_01.jpg,0.32012848392257282,1
373,S400,../../../openbr/data/MEDS/img/S400-02-t10_01.jpg,S400,../../../openbr/data/MEDS/img/S400-01-t10_01.jpg,0.091260504546372495,1
374,S400,../../../openbr/data/MEDS/img/S400-03-t10_01.jpg,S020,../../../openbr/data/MEDS/img/S020-01-t10_01.jpg,0.11420594781718774,0
375,S401,../../../openbr/data/MEDS/img/S401-01-t10_01.jpg,S401,../../../openbr/data/MEDS/img/S401-04-t10_01.jpg,0.25698134650185667,1
376,S401,../../../openbr/data/MEDS/img/S401-02-t10_01.jpg,S401,../../../openbr/data/MEDS/img/S401-04-t10_01.jpg,0.25144249678260761,1
377,S401,../../../openbr/data/MEDS/img/S401-03-t10_01.jpg,S401,../../../openbr/data/MEDS/img/S401-04-t10_01.jpg,0.17257862445823952,1
378,S401,../../../openbr/data/MEDS/img/S401-05-t10_01.jpg,S401,../../../openbr/data/MEDS/img/S401-04-t10_01.jpg,0.14072022781764856,1
379,S401,../../../openbr/data/MEDS/img/S401-06-t10_01.jpg,S401,../../../openbr/data/MEDS/img/S401-04-t10_01.jpg,0.14180549896445949,1
380,S401,../../../openbr/data/MEDS/img/S401-07-t10_01.jpg,S401,../../../openbr/data/MEDS/img/S401-04-t10_01.jpg,0.19951624112386729,1
381,S401,../../../openbr/data/MEDS/img/S401-08-t10_01.jpg,S401,../../../openbr/data/MEDS/img/S401-04-t10_01.jpg,0.15401406916916049,1
382,S401,../../../openbr/data/MEDS/img/S401-09-t10_01.jpg,S401,../../../openbr/data/MEDS/img/S401-04-t10_01.jpg,0.36574425919774767,1
383,S402,../../../openbr/data/MEDS/img/S402-02-t10_01.jpg,S243,../../../openbr/data/MEDS/img/S243-06-t10_01.jpg,0.12425037682494289,0
384,S403,../../../openbr/data/MEDS/img/S403-01-t10_01.jpg,S148,../../../openbr/data/MEDS/img/S148-02-t10_01.jpg,0.4500312147847671,0
385,S403,../../../openbr/data/MEDS/img/S403-02-t10_01.jpg,S403,../../../openbr/data/MEDS/img/S403-03-t10_01.jpg,0.20970785419256549,1
386,S403,../../../openbr/data/MEDS/img/S403-04-t10_01.jpg,S096,../../../openbr/data/MEDS/img/S096-02-t10_01.jpg,0.29326761011199931,0
387,S404,../../../openbr/data/MEDS/img/S404-02-t10_01.jpg,S404,../../../openbr/data/MEDS/img/S404-01-t10_01.jpg,0.18281116796188818,1
388,S404,../../../openbr/data/MEDS/img/S404-03-t10_01.jpg,S404,../../../openbr/data/MEDS/img/S404-01-t10_01.jpg,0.13565277098101314,1
389,S404,../../../openbr/data/MEDS/img/S404-04-t10_01.jpg,S404,../../../openbr/data/MEDS/img/S404-01-t10_01.jpg,0.13522645215557377,1
390,S404,../../../openbr/data/MEDS/img/S404-05-t10_01.jpg,S404,../../../openbr/data/MEDS/img/S404-01-t10_01.jpg,0.1093756753497462,1
391,S404,../../../openbr/data/MEDS/img/S404-06-t10_01.jpg,S380,../../../openbr/data/MEDS/img/S380-01-t10_01.jpg,0.18985191479703925,0
392,S404,../../../openbr/data/MEDS/img/S404-07-t10_01.jpg,S338,../../../openbr/data/MEDS/img/S338-01-t10_01.jpg,0.16909010535378077,0
393,S404,../../../openbr/data/MEDS/img/S404-08-t10_01.jpg,S404,../../../openbr/data/MEDS/img/S404-01-t10_01.jpg,0.17691411875568969,1
394,S404,../../../openbr/data/MEDS/img/S404-09-t10_01.jpg,S007,../../../openbr/data/MEDS/img/S007-01-t10_01.jpg,0.21024153737585477,0
395,S404,../../../openbr/data/MEDS/img/S404-10-t10_01.jpg,S404,../../../openbr/data/MEDS/img/S404-01-t10_01.jpg,0.18223687601372501,1
396,S404,../../../openbr/data/MEDS/img/S404-11-t10_01.jpg,S437,../../../openbr/data/MEDS/img/S437-01-t10_01.jpg,0.26905556177861573,0
397,S404,../../../openbr/data/MEDS/img/S404-12-t10_01.jpg,S149,../../../openbr/data/MEDS/img/S149-01-t10_01.jpg,0.21127348187379513,0
398,S404,../../../openbr/data/MEDS/img/S404-13-t10_01.jpg,S404,../../../openbr/data/MEDS/img/S404-01-t10_01.jpg,0.23361120918955042,1
399,S405,../../../openbr/data/MEDS/img/S405-01-t10_01.jpg,S405,../../../openbr/data/MEDS/img/S405-04-t10_01.jpg,0.16809357655896182,1
400,S405,../../../openbr/data/MEDS/img/S405-02-t10_01.jpg,S405,../../../openbr/data/MEDS/img/S405-04-t10_01.jpg,0.19745811729704596,1
401,S405,../../../openbr/data/MEDS/img/S405-03-t10_01.jpg,S405,../../../openbr/data/MEDS/img/S405-04-t10_01.jpg,0.31311165951662656,1
402,S405,../../../openbr/data/MEDS/img/S405-05-t10_01.jpg,S405,../../../openbr/data/MEDS/img/S405-04-t10_01.jpg,0.35264530718934772,1
403,S405,../../../openbr/data/MEDS/img/S405-06-t10_01.jpg,S405,../../../openbr/data/MEDS/img/S405-04-t10_01.jpg,0.50556790818708874,1
404,S405,../../../openbr/data/MEDS/img/S405-07-t10_01.jpg,S405,../../../openbr/data/MEDS/img/S405-04-t10_01.jpg,0.39689826377571458,1
405,S406,../../../openbr/data/MEDS/img/S406-02-t10_01.jpg,S374,../../../openbr/data/MEDS/img/S374-01-t10_01.jpg,0.43151793429478474,0
406,S407,../../../openbr/data/MEDS/img/S407-01-t10_01.jpg,S438,../../../openbr/data/MEDS/img/S438-01-t10_01.jpg,0.56979163591721627,0
407,S407,../../../openbr/data/MEDS/img/S407-02-t10_01.jpg,S141,../../../openbr/data/MEDS/img/S141-01-t10_01.jpg,0.59890309127111774,0
408,S408,../../../openbr/data/MEDS/img/S408-02-t10_01.jpg,S408,../../../openbr/data/MEDS/img/S408-01-t10_01.jpg,0.30073004720252805,1
409,S409,../../../openbr/data/MEDS/img/S409-02-t10_01.jpg,S409,../../../openbr/data/MEDS/img/S409-01-t10_01.jpg,0.24373161314528355,1
410,S409,../../../openbr/data/MEDS/img/S409-03-t10_01.jpg,S409,../../../openbr/data/MEDS/img/S409-01-t10_01.jpg,0.13572381299114494,1
411,S409,../../../openbr/data/MEDS/img/S409-04-t10_01.jpg,S409,../../../openbr/data/MEDS/img/S409-01-t10_01.jpg,0.28328098325967466,1
412,S409,../../../openbr/data/MEDS/img/S409-05-t10_01.jpg,S450,../../../openbr/data/MEDS/img/S450-06-t10_01.jpg,0.22966798707800906,0
413,S409,../../../openbr/data/MEDS/img/S409-06-t10_01.jpg,S409,../../../openbr/data/MEDS/img/S409-01-t10_01.jpg,0.18328583039392424,1
414,S409,../../../openbr/data/MEDS/img/S409-07-t10_01.jpg,S365,../../../openbr/data/MEDS/img/S365-01-t10_01.jpg,0.34903839203100884,0
415,S409,../../../openbr/data/MEDS/img/S409-08-t10_01.jpg,S450,../../../openbr/data/MEDS/img/S450-06-t10_01.jpg,0.22313837961960994,0
416,S409,../../../openbr/data/MEDS/img/S409-09-t10_01.jpg,S409,../../../openbr/data/MEDS/img/S409-01-t10_01.jpg,0.24335209647525627,1
417,S409,../../../openbr/data/MEDS/img/S409-10-t10_01.jpg,S409,../../../openbr/data/MEDS/img/S409-01-t10_01.jpg,0.19123664399175538,1
418,S409,../../../openbr/data/MEDS/img/S409-11-t10_01.jpg,S180,../../../openbr/data/MEDS/img/S180-01-t10_01.jpg,0.36640421102525716,0
419,S411,../../../openbr/data/MEDS/img/S411-02-t10_01.jpg,S144,../../../openbr/data/MEDS/img/S144-01-t10_01.jpg,0.32107693202590293,0
420,S411,../../../openbr/data/MEDS/img/S411-03-t10_01.jpg,S411,../../../openbr/data/MEDS/img/S411-01-t10_01.jpg,0.17035196805765312,1
421,S411,../../../openbr/data/MEDS/img/S411-04-t10_01.jpg,S411,../../../openbr/data/MEDS/img/S411-01-t10_01.jpg,0.11981603446662444,1
422,S411,../../../openbr/data/MEDS/img/S411-05-t10_01.jpg,S411,../../../openbr/data/MEDS/img/S411-01-t10_01.jpg,0.17194134758944155,1
423,S411,../../../openbr/data/MEDS/img/S411-06-t10_01.jpg,S076,../../../openbr/data/MEDS/img/S076-02-t10_01.jpg,0.24894068043512435,0
424,S412,../../../openbr/data/MEDS/img/S412-01-t10_01.jpg,S412,../../../openbr/data/MEDS/img/S412-02-t10_01.jpg,0.19236505848862839,1
425,S412,../../../openbr/data/MEDS/img/S412-03-t10_01.jpg,S412,../../../openbr/data/MEDS/img/S412-02-t10_01.jpg,0.24486009786455887,1
426,S413,../../../openbr/data/MEDS/img/S413-01-t10_01.jpg,S124,../../../openbr/data/MEDS/img/S124-02-t10_01.jpg,0.15983187583710359,0
427,S413,../../../openbr/data/MEDS/img/S413-02-t10_01.jpg,S124,../../../openbr/data/MEDS/img/S124-02-t10_01.jpg,0.18469195551164075,0
428,S413,../../../openbr/data/MEDS/img/S413-03-t10_01.jpg,S413,../../../openbr/data/MEDS/img/S413-10-t10_01.jpg,0.084582615831186231,1
429,S413,../../../openbr/data/MEDS/img/S413-04-t10_01.jpg,S413,../../../openbr/data/MEDS/img/S413-10-t10_01.jpg,0.10503949703816028,1
430,S413,../../../openbr/data/MEDS/img/S413-05-t10_01.jpg,S413,../../../openbr/data/MEDS/img/S413-10-t10_01.jpg,0.085237498307761936,1
431,S413,../../../openbr/data/MEDS/img/S413-06-t10_01.jpg,S413,../../../openbr/data/MEDS/img/S413-10-t10_01.jpg,0.082456496487275627,1
432,S413,../../../openbr/data/MEDS/img/S413-07-t10_01.jpg,S439,../../../openbr/data/MEDS/img/S439-05-t10_01.jpg,0.14967226407542239,0
433,S413,../../../openbr/data/MEDS/img/S413-08-t10_01.jpg,S413,../../../openbr/data/MEDS/img/S413-10-t10_01.jpg,0.11599988321121937,1
434,S413,../../../openbr/data/MEDS/img/S413-09-t10_01.jpg,S243,../../../openbr/data/MEDS/img/S243-06-t10_01.jpg,0.17690893336278596,0
435,S414,../../../openbr/data/MEDS/img/S414-01-t10_01.jpg,S414,../../../openbr/data/MEDS/img/S414-04-t10_01.jpg,0.092204242516517584,1
436,S414,../../../openbr/data/MEDS/img/S414-02-t10_01.jpg,S414,../../../openbr/data/MEDS/img/S414-04-t10_01.jpg,0.083984747417965744,1
437,S414,../../../openbr/data/MEDS/img/S414-03-t10_01.jpg,S414,../../../openbr/data/MEDS/img/S414-04-t10_01.jpg,0.1420889090142054,1
438,S414,../../../openbr/data/MEDS/img/S414-05-t10_01.jpg,S271,../../../openbr/data/MEDS/img/S271-01-t10_01.jpg,0.15147883454258135,0
439,S414,../../../openbr/data/MEDS/img/S414-06-t10_01.jpg,S198,../../../openbr/data/MEDS/img/S198-01-t10_01.jpg,0.16164825110238701,0
440,S414,../../../openbr/data/MEDS/img/S414-07-t10_01.jpg,S414,../../../openbr/data/MEDS/img/S414-04-t10_01.jpg,0.11206015465737765,1
441,S414,../../../openbr/data/MEDS/img/S414-08-t10_01.jpg,S414,../../../openbr/data/MEDS/img/S414-04-t10_01.jpg,0.18889648705592643,1
442,S414,../../../openbr/data/MEDS/img/S414-09-t10_01.jpg,S414,../../../openbr/data/MEDS/img/S414-04-t10_01.jpg,0.16035618327666024,1
443,S414,../../../openbr/data/MEDS/img/S414-10-t10_01.jpg,S198,../../../openbr/data/MEDS/img/S198-01-t10_01.jpg,0.092046793039977343,0
444,S414,../../../openbr/data/MEDS/img/S414-11-t10_01.jpg,S198,../../../openbr/data/MEDS/img/S198-01-t10_01.jpg,0.090806092112117487,0
445,S415,../../../openbr/data/MEDS/img/S415-01-t10_01.jpg,S082,../../../openbr/data/MEDS/img/S082-01-t10_01.jpg,0.13707912801047167,0
446,S415,../../../openbr/data/MEDS/img/S415-02-t10_01.jpg,S471,../../../openbr/data/MEDS/img/S471-06-t10_01.jpg,0.13759696959859585,0
447,S415,../../../openbr/data/MEDS/img/S415-03-t10_01.jpg,S415,../../../openbr/data/MEDS/img/S415-06-t10_01.jpg,0.18203594916036023,1
448,S415,../../../openbr/data/MEDS/img/S415-04-t10_01.jpg,S280,../../../openbr/data/MEDS/img/S280-09-t10_01.jpg,0.19936514185872362,0
449,S415,../../../openbr/data/MEDS/img/S415-05-t10_01.jpg,S415,../../../openbr/data/MEDS/img/S415-06-t10_01.jpg,0.087760941313046792,1
450,S415,../../../openbr/data/MEDS/img/S415-07-t10_01.jpg,S276,../../../openbr/data/MEDS/img/S276-01-t10_01.jpg,0.19818275771342966,0
451,S416,../../../openbr/data/MEDS/img/S416-02-t10_01.jpg,S058,../../../openbr/data/MEDS/img/S058-03-t10_01.jpg,0.198254252262517,0
452,S417,../../../openbr/data/MEDS/img/S417-01-t10_01.jpg,S417,../../../openbr/data/MEDS/img/S417-06-t10_01.jpg,0.08878187050478796,1
453,S417,../../../openbr/data/MEDS/img/S417-02-t10_01.jpg,S198,../../../openbr/data/MEDS/img/S198-01-t10_01.jpg,0.21424353723400813,0
454,S417,../../../openbr/data/MEDS/img/S417-03-t10_01.jpg,S417,../../../openbr/data/MEDS/img/S417-06-t10_01.jpg,0.16160075225400938,1
455,S417,../../../openbr/data/MEDS/img/S417-04-t10_01.jpg,S417,../../../openbr/data/MEDS/img/S417-06-t10_01.jpg,0.14982030743038491,1
456,S417,../../../openbr/data/MEDS/img/S417-05-t10_01.jpg,S154,../../../openbr/data/MEDS/img/S154-01-t10_01.jpg,0.20568586930304056,0
457,S417,../../../openbr/data/MEDS/img/S417-07-t10_01.jpg,S225,../../../openbr/data/MEDS/img/S225-02-t10_01.jpg,0.18582559101478024,0
458,S417,../../../openbr/data/MEDS/img/S417-08-t10_01.jpg,S417,../../../openbr/data/MEDS/img/S417-06-t10_01.jpg,0.18228049207646296,1
459,S418,../../../openbr/data/MEDS/img/S418-01-t10_01.jpg,S466,../../../openbr/data/MEDS/img/S466-06-t10_01.jpg,0.14758517524291814,0
460,S418,../../../openbr/data/MEDS/img/S418-02-t10_01.jpg,S453,../../../openbr/data/MEDS/img/S453-02-t10_01.jpg,0.23514914912723639,0
461,S419,../../../openbr/data/MEDS/img/S419-02-t10_01.jpg,S419,../../../openbr/data/MEDS/img/S419-01-t10_01.jpg,0.058245821173373485,1
462,S419,../../../openbr/data/MEDS/img/S419-03-t10_01.jpg,S419,../../../openbr/data/MEDS/img/S419-01-t10_01.jpg,0.12438777324910003,1
463,S419,../../../openbr/data/MEDS/img/S419-04-t10_01.jpg,S047,../../../openbr/data/MEDS/img/S047-01-t10_01.jpg,0.2036155743868176,0
464,S419,../../../openbr/data/MEDS/img/S419-05-t10_01.jpg,S419,../../../openbr/data/MEDS/img/S419-01-t10_01.jpg,0.15714012849464645,1
465,S419,../../../openbr/data/MEDS/img/S419-06-t10_01.jpg,S419,../../../openbr/data/MEDS/img/S419-01-t10_01.jpg,0.072495262182889667,1
466,S419,../../../openbr/data/MEDS/img/S419-07-t10_01.jpg,S419,../../../openbr/data/MEDS/img/S419-01-t10_01.jpg,0.12074051643423811,1
467,S419,../../../openbr/data/MEDS/img/S419-08-t10_01.jpg,S419,../../../openbr/data/MEDS/img/S419-01-t10_01.jpg,0.26082258228786853,1
468,S419,../../../openbr/data/MEDS/img/S419-09-t10_01.jpg,S419,../../../openbr/data/MEDS/img/S419-01-t10_01.jpg,0.21540843056106584,1
469,S419,../../../openbr/data/MEDS/img/S419-10-t10_01.jpg,S419,../../../openbr/data/MEDS/img/S419-01-t10_01.jpg,0.13795430860063734,1
470,S420,../../../openbr/data/MEDS/img/S420-01-t10_01.jpg,S420,../../../openbr/data/MEDS/img/S420-04-t10_01.jpg,0.16683249718965806,1
471,S420,../../../openbr/data/MEDS/img/S420-02-t10_01.jpg,S364,../../../openbr/data/MEDS/img/S364-01-t10_01.jpg,0.3774565116772397,0
472,S420,../../../openbr/data/MEDS/img/S420-03-t10_01.jpg,S461,../../../openbr/data/MEDS/img/S461-04-t10_01.jpg,0.22221867869102552,0
473,S420,../../../openbr/data/MEDS/img/S420-05-t10_01.jpg,S404,../../../openbr/data/MEDS/img/S404-01-t10_01.jpg,0.29503692171115176,0
474,S420,../../../openbr/data/MEDS/img/S420-06-t10_01.jpg,S461,../../../openbr/data/MEDS/img/S461-04-t10_01.jpg,0.20732017323886859,0
475,S421,../../../openbr/data/MEDS/img/S421-02-t10_01.jpg,S421,../../../openbr/data/MEDS/img/S421-01-t10_01.jpg,0.15891511237807504,1
476,S422,../../../openbr/data/MEDS/img/S422-02-t10_01.jpg,S269,../../../openbr/data/MEDS/img/S269-01-t10_01.jpg,0.21745459002621556,0
477,S422,../../../openbr/data/MEDS/img/S422-03-t10_01.jpg,S269,../../../openbr/data/MEDS/img/S269-01-t10_01.jpg,0.38876713340990976,0
478,S422,../../../openbr/data/MEDS/img/S422-04-t10_01.jpg,S199,../../../openbr/data/MEDS/img/S199-01-t10_01.jpg,0.24711345560331677,0
479,S423,../../../openbr/data/MEDS/img/S423-01-t10_01.jpg,S423,../../../openbr/data/MEDS/img/S423-04-t10_01.jpg,0.38376601288780987,1
480,S423,../../../openbr/data/MEDS/img/S423-02-t10_01.jpg,S213,../../../openbr/data/MEDS/img/S213-01-t10_01.jpg,0.28545655168003858,0
481,S423,../../../openbr/data/MEDS/img/S423-03-t10_01.jpg,S196,../../../openbr/data/MEDS/img/S196-01-t10_01.jpg,0.27768384034706062,0
482,S425,../../../openbr/data/MEDS/img/S425-02-t10_01.jpg,S494,../../../openbr/data/MEDS/img/S494-01-t10_01.jpg,0.13087247994066473,0
483,S425,../../../openbr/data/MEDS/img/S425-03-t10_01.jpg,S257,../../../openbr/data/MEDS/img/S257-01-t10_01.jpg,0.23739487448937419,0
484,S425,../../../openbr/data/MEDS/img/S425-04-t10_01.jpg,S476,../../../openbr/data/MEDS/img/S476-01-t10_01.jpg,0.17210953198245749,0
485,S425,../../../openbr/data/MEDS/img/S425-05-t10_01.jpg,S159,../../../openbr/data/MEDS/img/S159-01-t10_01.jpg,0.14567823043076777,0
486,S425,../../../openbr/data/MEDS/img/S425-06-t10_01.jpg,S391,../../../openbr/data/MEDS/img/S391-01-t10_01.jpg,0.18712367270239655,0
487,S425,../../../openbr/data/MEDS/img/S425-07-t10_01.jpg,S323,../../../openbr/data/MEDS/img/S323-01-t10_01.jpg,0.23620755669515772,0
488,S425,../../../openbr/data/MEDS/img/S425-08-t10_01.jpg,S494,../../../openbr/data/MEDS/img/S494-01-t10_01.jpg,0.18598427745796342,0
489,S426,../../../openbr/data/MEDS/img/S426-01-t10_01.jpg,S426,../../../openbr/data/MEDS/img/S426-02-t10_01.jpg,0.14064840021712127,1
490,S427,../../../openbr/data/MEDS/img/S427-02-t10_01.jpg,S427,../../../openbr/data/MEDS/img/S427-01-t10_01.jpg,0.34215091318175572,1
491,S427,../../../openbr/data/MEDS/img/S427-03-t10_01.jpg,S427,../../../openbr/data/MEDS/img/S427-01-t10_01.jpg,0.089482836154336581,1
492,S427,../../../openbr/data/MEDS/img/S427-04-t10_01.jpg,S427,../../../openbr/data/MEDS/img/S427-01-t10_01.jpg,0.10249540487054964,1
493,S428,../../../openbr/data/MEDS/img/S428-01-t10_01.jpg,S471,../../../openbr/data/MEDS/img/S471-06-t10_01.jpg,0.10821882596558871,0
494,S428,../../../openbr/data/MEDS/img/S428-02-t10_01.jpg,S428,../../../openbr/data/MEDS/img/S428-05-t10_01.jpg,0.11456528415677159,1
495,S428,../../../openbr/data/MEDS/img/S428-03-t10_01.jpg,S327,../../../openbr/data/MEDS/img/S327-01-t10_01.jpg,0.17090576716654771,0
496,S428,../../../openbr/data/MEDS/img/S428-04-t10_01.jpg,S461,../../../openbr/data/MEDS/img/S461-04-t10_01.jpg,0.11721002226504051,0
497,S428,../../../openbr/data/MEDS/img/S428-06-t10_01.jpg,S428,../../../openbr/data/MEDS/img/S428-05-t10_01.jpg,0.11059269538413333,1
498,S428,../../../openbr/data/MEDS/img/S428-07-t10_01.jpg,S428,../../../openbr/data/MEDS/img/S428-05-t10_01.jpg,0.096848811885646147,1
499,S429,../../../openbr/data/MEDS/img/S429-01-t10_01.jpg,S429,../../../openbr/data/MEDS/img/S429-02-t10_01.jpg,0.27437671618372833,1
500,S429,../../../openbr/data/MEDS/img/S429-03-t10_01.jpg,S429,../../../openbr/data/MEDS/img/S429-02-t10_01.jpg,0.46979189203091765,1
501,S429,../../../openbr/data/MEDS/img/S429-04-t10_01.jpg,S429,../../../openbr/data/MEDS/img/S429-02-t10_01.jpg,0.180628456325124,1
502,S429,../../../openbr/data/MEDS/img/S429-05-t10_01.jpg,S429,../../../openbr/data/MEDS/img/S429-02-t10_01.jpg,0.19743472029707976,1
503,S429,../../../openbr/data/MEDS/img/S429-06-t10_01.jpg,S429,../../../openbr/data/MEDS/img/S429-02-t10_01.jpg,0.3060960678552555,1
504,S429,../../../openbr/data/MEDS/img/S429-07-t10_01.jpg,S429,../../../openbr/data/MEDS/img/S429-02-t10_01.jpg,0.1863424876472965,1
505,S429,../../../openbr/data/MEDS/img/S429-08-t10_01.jpg,S429,../../../openbr/data/MEDS/img/S429-02-t10_01.jpg,0.14321655543896528,1
506,S429,../../../openbr/data/MEDS/img/S429-09-t10_01.jpg,S429,../../../openbr/data/MEDS/img/S429-02-t10_01.jpg,0.10980501200852116,1
507,S429,../../../openbr/data/MEDS/img/S429-10-t10_01.jpg,S429,../../../openbr/data/MEDS/img/S429-02-t10_01.jpg,0.38660838972770861,1
508,S430,../../../openbr/data/MEDS/img/S430-01-t10_01.jpg,S110,../../../openbr/data/MEDS/img/S110-01-t10_01.jpg,0.29401418093561799,0
509,S430,../../../openbr/data/MEDS/img/S430-02-t10_01.jpg,S392,../../../openbr/data/MEDS/img/S392-08-t10_01.jpg,0.27696527475108146,0
510,S430,../../../openbr/data/MEDS/img/S430-04-t10_01.jpg,S430,../../../openbr/data/MEDS/img/S430-03-t10_01.jpg,0.19306377900396565,1
511,S430,../../../openbr/data/MEDS/img/S430-05-t10_01.jpg,S430,../../../openbr/data/MEDS/img/S430-03-t10_01.jpg,0.21733719742157459,1
512,S430,../../../openbr/data/MEDS/img/S430-06-t10_01.jpg,S430,../../../openbr/data/MEDS/img/S430-03-t10_01.jpg,0.18523258573654636,1
513,S431,../../../openbr/data/MEDS/img/S431-02-t10_01.jpg,S230,../../../openbr/data/MEDS/img/S230-01-t10_01.jpg,0.51842398428162295,0
514,S431,../../../openbr/data/MEDS/img/S431-03-t10_01.jpg,S135,../../../openbr/data/MEDS/img/S135-01-t10_01.jpg,0.51645733551723261,0
515,S432,../../../openbr/data/MEDS/img/S432-02-t10_01.jpg,S432,../../../openbr/data/MEDS/img/S432-01-t10_01.jpg,0.21575101192032214,1
516,S433,../../../openbr/data/MEDS/img/S433-01-t10_01.jpg,S433,../../../openbr/data/MEDS/img/S433-04-t10_01.jpg,0.13183405445327503,1
517,S433,../../../openbr/data/MEDS/img/S433-02-t10_01.jpg,S433,../../../openbr/data/MEDS/img/S433-04-t10_01.jpg,0.34393863953277748,1
518,S433,../../../openbr/data/MEDS/img/S433-03-t10_01.jpg,S433,../../../openbr/data/MEDS/img/S433-04-t10_01.jpg,0.21524988317173108,1
519,S433,../../../openbr/data/MEDS/img/S433-05-t10_01.jpg,S433,../../../openbr/data/MEDS/img/S433-04-t10_01.jpg,0.43733210656417981,1
520,S434,../../../openbr/data/MEDS/img/S434-02-t10_01.jpg,S434,../../../openbr/data/MEDS/img/S434-01-t10_01.jpg,0.34976571175223731,1
521,S435,../../../openbr/data/MEDS/img/S435-01-t10_01.jpg,S435,../../../openbr/data/MEDS/img/S435-03-t10_01.jpg,0.12893553567015725,1
522,S435,../../../openbr/data/MEDS/img/S435-02-t10_01.jpg,S435,../../../openbr/data/MEDS/img/S435-03-t10_01.jpg,0.11519106485284548,1
523,S436,../../../openbr/data/MEDS/img/S436-02-t10_01.jpg,S351,../../../openbr/data/MEDS/img/S351-01-t10_01.jpg,0.43273215380718311,0
524,S439,../../../openbr/data/MEDS/img/S439-01-t10_01.jpg,S288,../../../openbr/data/MEDS/img/S288-01-t10_01.jpg,0.47537310413462719,0
525,S439,../../../openbr/data/MEDS/img/S439-02-t10_01.jpg,S439,../../../openbr/data/MEDS/img/S439-05-t10_01.jpg,0.21337012918600487,1
526,S439,../../../openbr/data/MEDS/img/S439-03-t10_01.jpg,S439,../../../openbr/data/MEDS/img/S439-05-t10_01.jpg,0.12049349794042111,1
527,S439,../../../openbr/data/MEDS/img/S439-04-t10_01.jpg,S477,../../../openbr/data/MEDS/img/S477-02-t10_01.jpg,0.09581354633837165,0
528,S439,../../../openbr/data/MEDS/img/S439-06-t10_01.jpg,S327,../../../openbr/data/MEDS/img/S327-01-t10_01.jpg,0.23013338336663075,0
529,S439,../../../openbr/data/MEDS/img/S439-07-t10_01.jpg,S439,../../../openbr/data/MEDS/img/S439-05-t10_01.jpg,0.13773588392749339,1
530,S439,../../../openbr/data/MEDS/img/S439-08-t10_01.jpg,S514,../../../openbr/data/MEDS/img/S514-01-t10_01.jpg,0.18516253891815554,0
531,S440,../../../openbr/data/MEDS/img/S440-01-t10_01.jpg,S243,../../../openbr/data/MEDS/img/S243-06-t10_01.jpg,0.15115669300470866,0
532,S440,../../../openbr/data/MEDS/img/S440-02-t10_01.jpg,S477,../../../openbr/data/MEDS/img/S477-02-t10_01.jpg,0.18948830532640704,0
533,S440,../../../openbr/data/MEDS/img/S440-04-t10_01.jpg,S440,../../../openbr/data/MEDS/img/S440-03-t10_01.jpg,0.070639960158267318,1
534,S440,../../../openbr/data/MEDS/img/S440-05-t10_01.jpg,S440,../../../openbr/data/MEDS/img/S440-03-t10_01.jpg,0.1583099914261108,1
535,S442,../../../openbr/data/MEDS/img/S442-01-t10_01.jpg,S116,../../../openbr/data/MEDS/img/S116-01-t10_01.jpg,0.58922487155364278,0
536,S443,../../../openbr/data/MEDS/img/S443-01-t10_01.jpg,S443,../../../openbr/data/MEDS/img/S443-05-t10_01.jpg,0.18671596586609993,1
537,S443,../../../openbr/data/MEDS/img/S443-02-t10_01.jpg,S443,../../../openbr/data/MEDS/img/S443-05-t10_01.jpg,0.10696563135534112,1
538,S443,../../../openbr/data/MEDS/img/S443-03-t10_01.jpg,S443,../../../openbr/data/MEDS/img/S443-05-t10_01.jpg,0.1671876087965074,1
539,S443,../../../openbr/data/MEDS/img/S443-04-t10_01.jpg,S443,../../../openbr/data/MEDS/img/S443-05-t10_01.jpg,0.17738547768045881,1
540,S443,../../../openbr/data/MEDS/img/S443-06-t10_01.jpg,S443,../../../openbr/data/MEDS/img/S443-05-t10_01.jpg,0.2905715652825514,1
541,S447,../../../openbr/data/MEDS/img/S447-01-t10_01.jpg,S447,../../../openbr/data/MEDS/img/S447-02-t10_01.jpg,0.65012411183236962,1
542,S447,../../../openbr/data/MEDS/img/S447-03-t10_01.jpg,S447,../../../openbr/data/MEDS/img/S447-02-t10_01.jpg,0.32921793829892892,1
543,S447,../../../openbr/data/MEDS/img/S447-04-t10_01.jpg,S447,../../../openbr/data/MEDS/img/S447-02-t10_01.jpg,0.3286340794237283,1
544,S447,../../../openbr/data/MEDS/img/S447-05-t10_01.jpg,S447,../../../openbr/data/MEDS/img/S447-02-t10_01.jpg,0.25686448721387312,1
545,S448,../../../openbr/data/MEDS/img/S448-02-t10_01.jpg,S448,../../../openbr/data/MEDS/img/S448-01-t10_01.jpg,0.36150027327743384,1
546,S449,../../../openbr/data/MEDS/img/S449-01-t10_01.jpg,S449,../../../openbr/data/MEDS/img/S449-04-t10_01.jpg,0.31023630933562041,1
547,S449,../../../openbr/data/MEDS/img/S449-02-t10_01.jpg,S449,../../../openbr/data/MEDS/img/S449-04-t10_01.jpg,0.16551576887806535,1
548,S449,../../../openbr/data/MEDS/img/S449-03-t10_01.jpg,S375,../../../openbr/data/MEDS/img/S375-02-t10_01.jpg,0.12937206818883518,0
549,S449,../../../openbr/data/MEDS/img/S449-05-t10_01.jpg,S120,../../../openbr/data/MEDS/img/S120-01-t10_01.jpg,0.19500548444078905,0
550,S449,../../../openbr/data/MEDS/img/S449-06-t10_01.jpg,S449,../../../openbr/data/MEDS/img/S449-04-t10_01.jpg,0.09913232620294038,1
551,S450,../../../openbr/data/MEDS/img/S450-01-t10_01.jpg,S473,../../../openbr/data/MEDS/img/S473-05-t10_01.jpg,0.26019122905939168,0
552,S450,../../../openbr/data/MEDS/img/S450-02-t10_01.jpg,S450,../../../openbr/data/MEDS/img/S450-06-t10_01.jpg,0.084200063889417476,1
553,S450,../../../openbr/data/MEDS/img/S450-03-t10_01.jpg,S450,../../../openbr/data/MEDS/img/S450-06-t10_01.jpg,0.13550944864530784,1
554,S450,../../../openbr/data/MEDS/img/S450-04-t10_01.jpg,S338,../../../openbr/data/MEDS/img/S338-01-t10_01.jpg,0.19529055863893563,0
555,S450,../../../openbr/data/MEDS/img/S450-05-t10_01.jpg,S466,../../../openbr/data/MEDS/img/S466-06-t10_01.jpg,0.2141398633952829,0
556,S450,../../../openbr/data/MEDS/img/S450-07-t10_01.jpg,S450,../../../openbr/data/MEDS/img/S450-06-t10_01.jpg,0.11248072656473607,1
557,S450,../../../openbr/data/MEDS/img/S450-08-t10_01.jpg,S365,../../../openbr/data/MEDS/img/S365-01-t10_01.jpg,0.31419909430878851,0
558,S450,../../../openbr/data/MEDS/img/S450-09-t10_01.jpg,S450,../../../openbr/data/MEDS/img/S450-06-t10_01.jpg,0.096154669316232899,1
559,S450,../../../openbr/data/MEDS/img/S450-10-t10_01.jpg,S450,../../../openbr/data/MEDS/img/S450-06-t10_01.jpg,0.12096848470452956,1
560,S450,../../../openbr/data/MEDS/img/S450-11-t10_01.jpg,S450,../../../openbr/data/MEDS/img/S450-06-t10_01.jpg,0.17692616536923164,1
561,S451,../../../openbr/data/MEDS/img/S451-02-t10_01.jpg,S451,../../../openbr/data/MEDS/img/S451-01-t10_01.jpg,0.33625482588499361,1
562,S452,../../../openbr/data/MEDS/img/S452-02-t10_01.jpg,S452,../../../openbr/data/MEDS/img/S452-01-t10_01.jpg,0.49835089163922913,1
563,S452,../../../openbr/data/MEDS/img/S452-03-t10_01.jpg,S452,../../../openbr/data/MEDS/img/S452-01-t10_01.jpg,0.40989582131105684,1
564,S453,../../../openbr/data/MEDS/img/S453-01-t10_01.jpg,S453,../../../openbr/data/MEDS/img/S453-02-t10_01.jpg,0.22645648179790809,1
565,S453,../../../openbr/data/MEDS/img/S453-03-t10_01.jpg,S453,../../../openbr/data/MEDS/img/S453-02-t10_01.jpg,0.19928592821728752,1
566,S453,../../../openbr/data/MEDS/img/S453-04-t10_01.jpg,S453,../../../openbr/data/MEDS/img/S453-02-t10_01.jpg,0.097430309671563062,1
567,S453,../../../openbr/data/MEDS/img/S453-05-t10_01.jpg,S453,../../../openbr/data/MEDS/img/S453-02-t10_01.jpg,0.16800935941520648,1
568,S453,../../../openbr/data/MEDS/img/S453-06-t10_01.jpg,S142,../../../openbr/data/MEDS/img/S142-05-t10_01.jpg,0.24119774294727922,0
569,S453,../../../openbr/data/MEDS/img/S453-07-t10_01.jpg,S453,../../../openbr/data/MEDS/img/S453-02-t10_01.jpg,0.20324127166753256,1
570,S453,../../../openbr/data/MEDS/img/S453-08-t10_01.jpg,S418,../../../openbr/data/MEDS/img/S418-03-t10_01.jpg,0.22682675200440083,0
571,S453,../../../openbr/data/MEDS/img/S453-09-t10_01.jpg,S453,../../../openbr/data/MEDS/img/S453-02-t10_01.jpg,0.19146265222251352,1
572,S453,../../../openbr/data/MEDS/img/S453-10-t10_01.jpg,S453,../../../openbr/data/MEDS/img/S453-02-t10_01.jpg,0.22633399516278924,1
573,S453,../../../openbr/data/MEDS/img/S453-11-t10_01.jpg,S453,../../../openbr/data/MEDS/img/S453-02-t10_01.jpg,0.34856241627414258,1
574,S453,../../../openbr/data/MEDS/img/S453-12-t10_01.jpg,S453,../../../openbr/data/MEDS/img/S453-02-t10_01.jpg,0.12861948132800161,1
575,S453,../../../openbr/data/MEDS/img/S453-13-t10_01.jpg,S453,../../../openbr/data/MEDS/img/S453-02-t10_01.jpg,0.14498616243329043,1
576,S453,../../../openbr/data/MEDS/img/S453-14-t10_01.jpg,S453,../../../openbr/data/MEDS/img/S453-02-t10_01.jpg,0.18875072401547011,1
577,S453,../../../openbr/data/MEDS/img/S453-15-t10_01.jpg,S016,../../../openbr/data/MEDS/img/S016-01-t10_01.jpg,0.23616277598481575,0
578,S453,../../../openbr/data/MEDS/img/S453-16-t10_01.jpg,S453,../../../openbr/data/MEDS/img/S453-02-t10_01.jpg,0.17891295278663677,1
579,S454,../../../openbr/data/MEDS/img/S454-02-t10_01.jpg,S454,../../../openbr/data/MEDS/img/S454-01-t10_01.jpg,0.091060146738666276,1
580,S456,../../../openbr/data/MEDS/img/S456-01-t10_01.jpg,S456,../../../openbr/data/MEDS/img/S456-02-t10_01.jpg,0.16730615637804327,1
581,S457,../../../openbr/data/MEDS/img/S457-01-t10_01.jpg,S439,../../../openbr/data/MEDS/img/S439-05-t10_01.jpg,0.27393476894881352,0
582,S457,../../../openbr/data/MEDS/img/S457-03-t10_01.jpg,S457,../../../openbr/data/MEDS/img/S457-02-t10_01.jpg,0.33410572331587135,1
583,S457,../../../openbr/data/MEDS/img/S457-04-t10_01.jpg,S439,../../../openbr/data/MEDS/img/S439-05-t10_01.jpg,0.1876616008596706,0
584,S457,../../../openbr/data/MEDS/img/S457-05-t10_01.jpg,S076,../../../openbr/data/MEDS/img/S076-02-t10_01.jpg,0.38440292605151749,0
585,S460,../../../openbr/data/MEDS/img/S460-01-t10_01.jpg,S460,../../../openbr/data/MEDS/img/S460-02-t10_01.jpg,0.20765493785417877,1
586,S461,../../../openbr/data/MEDS/img/S461-01-t10_01.jpg,S461,../../../openbr/data/MEDS/img/S461-04-t10_01.jpg,0.093940695554955891,1
587,S461,../../../openbr/data/MEDS/img/S461-02-t10_01.jpg,S232,../../../openbr/data/MEDS/img/S232-02-t10_01.jpg,0.20509350835628193,0
588,S461,../../../openbr/data/MEDS/img/S461-03-t10_01.jpg,S461,../../../openbr/data/MEDS/img/S461-04-t10_01.jpg,0.12062460869456609,1
589,S461,../../../openbr/data/MEDS/img/S461-05-t10_01.jpg,S310,../../../openbr/data/MEDS/img/S310-02-t10_01.jpg,0.24161457430482272,0
590,S461,../../../openbr/data/MEDS/img/S461-06-t10_01.jpg,S461,../../../openbr/data/MEDS/img/S461-04-t10_01.jpg,0.085116162621363484,1
591,S461,../../../openbr/data/MEDS/img/S461-07-t10_01.jpg,S461,../../../openbr/data/MEDS/img/S461-04-t10_01.jpg,0.080362387745206126,1
592,S461,../../../openbr/data/MEDS/img/S461-08-t10_01.jpg,S461,../../../openbr/data/MEDS/img/S461-04-t10_01.jpg,0.21105075167704157,1
593,S461,../../../openbr/data/MEDS/img/S461-09-t10_01.jpg,S461,../../../openbr/data/MEDS/img/S461-04-t10_01.jpg,0.16162866682932331,1
594,S461,../../../openbr/data/MEDS/img/S461-10-t10_01.jpg,S393,../../../openbr/data/MEDS/img/S393-01-t10_01.jpg,0.285645594304067,0
595,S461,../../../openbr/data/MEDS/img/S461-11-t10_01.jpg,S461,../../../openbr/data/MEDS/img/S461-04-t10_01.jpg,0.1594854680078264,1
596,S463,../../../openbr/data/MEDS/img/S463-02-t10_01.jpg,S463,../../../openbr/data/MEDS/img/S463-01-t10_01.jpg,0.33018721750714436,1
597,S464,../../../openbr/data/MEDS/img/S464-02-t10_01.jpg,S472,../../../openbr/data/MEDS/img/S472-03-t10_01.jpg,0.58153885218342327,0
598,S465,../../../openbr/data/MEDS/img/S465-01-t10_01.jpg,S465,../../../openbr/data/MEDS/img/S465-02-t10_01.jpg,0.24118263189252701,1
599,S466,../../../openbr/data/MEDS/img/S466-02-t10_01.jpg,S170,../../../openbr/data/MEDS/img/S170-01-t10_01.jpg,0.21343872566278488,0
600,S466,../../../openbr/data/MEDS/img/S466-03-t10_01.jpg,S068,../../../openbr/data/MEDS/img/S068-01-t10_01.jpg,0.11672435039558993,0
601,S466,../../../openbr/data/MEDS/img/S466-04-t10_01.jpg,S121,../../../openbr/data/MEDS/img/S121-01-t10_01.jpg,0.13133466867697219,0
602,S466,../../../openbr/data/MEDS/img/S466-05-t10_01.jpg,S466,../../../openbr/data/MEDS/img/S466-06-t10_01.jpg,0.10897337755915072,1
603,S467,../../../openbr/data/MEDS/img/S467-01-t10_01.jpg,S397,../../../openbr/data/MEDS/img/S397-01-t10_01.jpg,0.56384768554502773,0
604,S467,../../../openbr/data/MEDS/img/S467-02-t10_01.jpg,S026,../../../openbr/data/MEDS/img/S026-01-t10_01.jpg,0.37340746141048675,0
605,S468,../../../openbr/data/MEDS/img/S468-02-t10_01.jpg,S468,../../../openbr/data/MEDS/img/S468-01-t10_01.jpg,0.089345805852458271,1
606,S469,../../../openbr/data/MEDS/img/S469-01-t10_01.jpg,S469,../../../openbr/data/MEDS/img/S469-05-t10_01.jpg,0.18695192558283713,1
607,S469,../../../openbr/data/MEDS/img/S469-02-t10_01.jpg,S469,../../../openbr/data/MEDS/img/S469-05-t10_01.jpg,0.17988708708884699,1
608,S469,../../../openbr/data/MEDS/img/S469-03-t10_01.jpg,S469,../../../openbr/data/MEDS/img/S469-05-t10_01.jpg,0.16448381931219405,1
609,S469,../../../openbr/data/MEDS/img/S469-04-t10_01.jpg,S469,../../../openbr/data/MEDS/img/S469-05-t10_01.jpg,0.09224083290083207,1
610,S470,../../../openbr/data/MEDS/img/S470-01-t10_01.jpg,S456,../../../openbr/data/MEDS/img/S456-02-t10_01.jpg,0.52868643933093606,0
611,S471,../../../openbr/data/MEDS/img/S471-01-t10_01.jpg,S477,../../../openbr/data/MEDS/img/S477-02-t10_01.jpg,0.15314004314913854,0
612,S471,../../../openbr/data/MEDS/img/S471-02-t10_01.jpg,S202,../../../openbr/data/MEDS/img/S202-02-t10_01.jpg,0.22416983490108311,0
613,S471,../../../openbr/data/MEDS/img/S471-03-t10_01.jpg,S338,../../../openbr/data/MEDS/img/S338-01-t10_01.jpg,0.13479165054295539,0
614,S471,../../../openbr/data/MEDS/img/S471-04-t10_01.jpg,S036,../../../openbr/data/MEDS/img/S036-02-t10_01.jpg,0.17795230334398596,0
615,S471,../../../openbr/data/MEDS/img/S471-05-t10_01.jpg,S471,../../../openbr/data/MEDS/img/S471-06-t10_01.jpg,0.06405150310613128,1
616,S472,../../../openbr/data/MEDS/img/S472-01-t10_01.jpg,S472,../../../openbr/data/MEDS/img/S472-03-t10_01.jpg,0.27482598211066078,1
617,S472,../../../openbr/data/MEDS/img/S472-02-t10_01.jpg,S472,../../../openbr/data/MEDS/img/S472-03-t10_01.jpg,0.25895149237038673,1
618,S473,../../../openbr/data/MEDS/img/S473-01-t10_01.jpg,S473,../../../openbr/data/MEDS/img/S473-05-t10_01.jpg,0.13926084940745748,1
619,S473,../../../openbr/data/MEDS/img/S473-02-t10_01.jpg,S473,../../../openbr/data/MEDS/img/S473-05-t10_01.jpg,0.046962142047857022,1
620,S473,../../../openbr/data/MEDS/img/S473-03-t10_01.jpg,S473,../../../openbr/data/MEDS/img/S473-05-t10_01.jpg,0.071487056870742902,1
621,S473,../../../openbr/data/MEDS/img/S473-04-t10_01.jpg,S473,../../../openbr/data/MEDS/img/S473-05-t10_01.jpg,0.12053580270843001,1
622,S475,../../../openbr/data/MEDS/img/S475-01-t10_02.jpg,S475,../../../openbr/data/MEDS/img/S475-02-t10_01.jpg,0.36517256798263098,1
623,S476,../../../openbr/data/MEDS/img/S476-02-t10_01.jpg,S476,../../../openbr/data/MEDS/img/S476-01-t10_01.jpg,0.21935627215753573,1
624,S476,../../../openbr/data/MEDS/img/S476-03-t10_01.jpg,S476,../../../openbr/data/MEDS/img/S476-01-t10_01.jpg,0.12387902800944767,1
625,S477,../../../openbr/data/MEDS/img/S477-01-t10_01.jpg,S477,../../../openbr/data/MEDS/img/S477-02-t10_01.jpg,0.044433927326389497,1
626,S478,../../../openbr/data/MEDS/img/S478-02-t10_01.jpg,S478,../../../openbr/data/MEDS/img/S478-01-t10_01.jpg,0.80602144513560581,1
627,S478,../../../openbr/data/MEDS/img/S478-03-t10_01.jpg,S478,../../../openbr/data/MEDS/img/S478-01-t10_01.jpg,0.49763025095209218,1
628,S479,../../../openbr/data/MEDS/img/S479-02-t10_01.jpg,S479,../../../openbr/data/MEDS/img/S479-01-t10_01.jpg,0.17773371542380129,1
629,S480,../../../openbr/data/MEDS/img/S480-01-t10_01.jpg,S136,../../../openbr/data/MEDS/img/S136-01-t10_01.jpg,0.61287969330810543,0
630,S480,../../../openbr/data/MEDS/img/S480-03-t10_01.jpg,S480,../../../openbr/data/MEDS/img/S480-02-t10_01.jpg,0.22529572162245479,1
631,S481,../../../openbr/data/MEDS/img/S481-01-t10_01.jpg,S481,../../../openbr/data/MEDS/img/S481-02-t10_01.jpg,0.23765906089531483,1
632,S482,../../../openbr/data/MEDS/img/S482-02-t10_01.jpg,S183,../../../openbr/data/MEDS/img/S183-01-t10_01.jpg,0.28136508559257511,0
633,S483,../../../openbr/data/MEDS/img/S483-01-t10_01.jpg,S178,../../../openbr/data/MEDS/img/S178-01-t10_01.jpg,0.46613960287783845,0
634,S483,../../../openbr/data/MEDS/img/S483-03-t10_01.jpg,S483,../../../openbr/data/MEDS/img/S483-02-t10_01.jpg,0.24893710195895172,1
635,S483,../../../openbr/data/MEDS/img/S483-04-t10_01.jpg,S483,../../../openbr/data/MEDS/img/S483-02-t10_01.jpg,0.29363301948312581,1
636,S483,../../../openbr/data/MEDS/img/S483-05-t10_01.jpg,S483,../../../openbr/data/MEDS/img/S483-02-t10_01.jpg,0.53663732659950958,1
637,S484,../../../openbr/data/MEDS/img/S484-02-t10_01.jpg,S484,../../../openbr/data/MEDS/img/S484-01-t10_01.jpg,0.5151978105594115,1
638,S485,../../../openbr/data/MEDS/img/S485-01-t10_01.jpg,S485,../../../openbr/data/MEDS/img/S485-02-t10_01.jpg,0.27533549617741743,1
639,S485,../../../openbr/data/MEDS/img/S485-03-t10_01.jpg,S485,../../../openbr/data/MEDS/img/S485-02-t10_01.jpg,0.46549393650067816,1
640,S486,../../../openbr/data/MEDS/img/S486-02-t10_01.jpg,S486,../../../openbr/data/MEDS/img/S486-01-t10_01.jpg,0.18351193281908357,1
641,S486,../../../openbr/data/MEDS/img/S486-03-t10_01.jpg,S486,../../../openbr/data/MEDS/img/S486-01-t10_01.jpg,0.29294779505243113,1
642,S486,../../../openbr/data/MEDS/img/S486-04-t10_01.jpg,S305,../../../openbr/data/MEDS/img/S305-01-t10_01.jpg,0.36926515926711934,0
643,S487,../../../openbr/data/MEDS/img/S487-02-t10_01.jpg,S487,../../../openbr/data/MEDS/img/S487-01-t10_01.jpg,0.41153719192032961,1
644,S489,../../../openbr/data/MEDS/img/S489-02-t10_01.jpg,S489,../../../openbr/data/MEDS/img/S489-01-t10_01.jpg,0.13208916327706796,1
645,S489,../../../openbr/data/MEDS/img/S489-03-t10_01.jpg,S489,../../../openbr/data/MEDS/img/S489-01-t10_01.jpg,0.2434398861371489,1
646,S491,../../../openbr/data/MEDS/img/S491-01-t10_01.jpg,S491,../../../openbr/data/MEDS/img/S491-02-t10_01.jpg,0.29350129766998589,1
647,S491,../../../openbr/data/MEDS/img/S491-03-t10_01.jpg,S491,../../../openbr/data/MEDS/img/S491-02-t10_01.jpg,0.2446628394106197,1
648,S492,../../../openbr/data/MEDS/img/S492-01-t10_01.jpg,S492,../../../openbr/data/MEDS/img/S492-02-t10_01.jpg,0.23837901484106494,1
649,S493,../../../openbr/data/MEDS/img/S493-02-t10_01.jpg,S493,../../../openbr/data/MEDS/img/S493-01-t10_01.jpg,0.1439810468002955,1
650,S493,../../../openbr/data/MEDS/img/S493-03-t10_01.jpg,S275,../../../openbr/data/MEDS/img/S275-01-t10_01.jpg,0.25418964521317922,0
651,S494,../../../openbr/data/MEDS/img/S494-02-t10_01.jpg,S338,../../../openbr/data/MEDS/img/S338-01-t10_01.jpg,0.11510874421956384,0
652,S495,../../../openbr/data/MEDS/img/S495-01-t10_01.jpg,S477,../../../openbr/data/MEDS/img/S477-02-t10_01.jpg,0.094448321445388339,0
653,S496,../../../openbr/data/MEDS/img/S496-01-t10_01.jpg,S496,../../../openbr/data/MEDS/img/S496-02-t10_01.jpg,0.12941020969632286,1
654,S497,../../../openbr/data/MEDS/img/S497-01-t10_01.jpg,S201,../../../openbr/data/MEDS/img/S201-03-t10_01.jpg,0.16142189708114979,0
655,S497,../../../openbr/data/MEDS/img/S497-02-t10_01.jpg,S403,../../../openbr/data/MEDS/img/S403-03-t10_01.jpg,0.24977550241885152,0
656,S497,../../../openbr/data/MEDS/img/S497-04-t10_01.jpg,S229,../../../openbr/data/MEDS/img/S229-01-t10_01.jpg,0.28169956872637975,0
657,S498,../../../openbr/data/MEDS/img/S498-02-t10_01.jpg,S498,../../../openbr/data/MEDS/img/S498-01-t10_01.jpg,0.40128316521783602,1
658,S499,../../../openbr/data/MEDS/img/S499-02-t10_01.jpg,S395,../../../openbr/data/MEDS/img/S395-02-t10_01.jpg,0.55511901951824028,0
659,S499,../../../openbr/data/MEDS/img/S499-03-t10_01.jpg,S395,../../../openbr/data/MEDS/img/S395-02-t10_01.jpg,0.59130705611685874,0
660,S499,../../../openbr/data/MEDS/img/S499-04-t10_01.jpg,S467,../../../openbr/data/MEDS/img/S467-03-t10_01.jpg,0.49703248469889194,0
661,S499,../../../openbr/data/MEDS/img/S499-05-t10_01.jpg,S503,../../../openbr/data/MEDS/img/S503-03-t10_01.jpg,0.73580304857944157,0
662,S499,../../../openbr/data/MEDS/img/S499-06-t10_01.jpg,S395,../../../openbr/data/MEDS/img/S395-02-t10_01.jpg,0.58318494127378862,0
663,S500,../../../openbr/data/MEDS/img/S500-02-t10_01.jpg,S500,../../../openbr/data/MEDS/img/S500-01-t10_01.jpg,0.11711868145117886,1
664,S501,../../../openbr/data/MEDS/img/S501-02-t10_01.jpg,S501,../../../openbr/data/MEDS/img/S501-01-t10_01.jpg,0.084780920684306343,1
665,S501,../../../openbr/data/MEDS/img/S501-03-t10_01.jpg,S315,../../../openbr/data/MEDS/img/S315-01-t10_01.jpg,0.32376558815275736,0
666,S501,../../../openbr/data/MEDS/img/S501-04-t10_01.jpg,S501,../../../openbr/data/MEDS/img/S501-01-t10_01.jpg,0.33224143421453833,1
667,S501,../../../openbr/data/MEDS/img/S501-05-t10_01.jpg,S518,../../../openbr/data/MEDS/img/S518-01-t10_01.jpg,0.34540740793783864,0
668,S501,../../../openbr/data/MEDS/img/S501-06-t10_01.jpg,S518,../../../openbr/data/MEDS/img/S518-01-t10_01.jpg,0.22714966698553019,0
669,S502,../../../openbr/data/MEDS/img/S502-02-t10_01.jpg,S502,../../../openbr/data/MEDS/img/S502-01-t10_01.jpg,0.2020727232028518,1
670,S503,../../../openbr/data/MEDS/img/S503-01-t10_01.jpg,S503,../../../openbr/data/MEDS/img/S503-03-t10_01.jpg,0.51504503169975524,1
671,S503,../../../openbr/data/MEDS/img/S503-02-t10_01.jpg,S503,../../../openbr/data/MEDS/img/S503-03-t10_01.jpg,0.44953571749627574,1
672,S504,../../../openbr/data/MEDS/img/S504-02-t10_01.jpg,S504,../../../openbr/data/MEDS/img/S504-01-t10_01.jpg,0.10682780131952929,1
673,S504,../../../openbr/data/MEDS/img/S504-03-t10_01.jpg,S307,../../../openbr/data/MEDS/img/S307-01-t10_01.jpg,0.3603202620762842,0
674,S505,../../../openbr/data/MEDS/img/S505-02-t10_01.jpg,S505,../../../openbr/data/MEDS/img/S505-01-t10_01.jpg,0.16245836126963178,1
675,S506,../../../openbr/data/MEDS/img/S506-02-t10_01.jpg,S506,../../../openbr/data/MEDS/img/S506-01-t10_01.jpg,0.25661311956964233,1
676,S506,../../../openbr/data/MEDS/img/S506-03-t10_01.jpg,S506,../../../openbr/data/MEDS/img/S506-01-t10_01.jpg,0.16388824688637901,1
677,S507,../../../openbr/data/MEDS/img/S507-02-t10_01.jpg,S201,../../../openbr/data/MEDS/img/S201-03-t10_01.jpg,0.24249054041439924,0
678,S507,../../../openbr/data/MEDS/img/S507-03-t10_01.jpg,S196,../../../openbr/data/MEDS/img/S196-01-t10_01.jpg,0.284652280719638,0
679,S507,../../../openbr/data/MEDS/img/S507-04-t10_01.jpg,S507,../../../openbr/data/MEDS/img/S507-01-t10_01.jpg,0.12266220431109619,1
680,S508,../../../openbr/data/MEDS/img/S508-02-t10_01.jpg,S508,../../../openbr/data/MEDS/img/S508-01-t10_01.jpg,0.15844772038875388,1
681,S510,../../../openbr/data/MEDS/img/S510-01-t10_01.jpg,S510,../../../openbr/data/MEDS/img/S510-04-t10_01.jpg,0.093988495986720627,1
682,S510,../../../openbr/data/MEDS/img/S510-02-t10_01.jpg,S510,../../../openbr/data/MEDS/img/S510-04-t10_01.jpg,0.033537990141428255,1
683,S510,../../../openbr/data/MEDS/img/S510-03-t10_01.jpg,S510,../../../openbr/data/MEDS/img/S510-04-t10_01.jpg,0.097510408613903282,1
684,S512,../../../openbr/data/MEDS/img/S512-02-t10_01.jpg,S512,../../../openbr/data/MEDS/img/S512-01-t10_01.jpg,0.22554205766235375,1
685,S513,../../../openbr/data/MEDS/img/S513-02-t10_01.jpg,S282,../../../openbr/data/MEDS/img/S282-03-t10_01.jpg,0.19441999742670713,0
686,S516,../../../openbr/data/MEDS/img/S516-01-t10_01.jpg,S516,../../../openbr/data/MEDS/img/S516-02-t10_01.jpg,0.38268409522213309,1
687,S517,../../../openbr/data/MEDS/img/S517-02-t10_01.jpg,S517,../../../openbr/data/MEDS/img/S517-01-t10_01.jpg,0.066198526445074679,1
688,S518,../../../openbr/data/MEDS/img/S518-02-t10_01.jpg,S518,../../../openbr/data/MEDS/img/S518-01-t10_01.jpg,0.16429951410152266,1
