,Name,Template,Rep
,Name,Template,Rep
,Name,Template,Rep
,Name,Template,Rep
,Name,Template,Rep
,Name,Template,Rep
,Name,Template,Rep
,Name,Template,Rep
,Name,Template,Rep
,Name,Template,Rep
,Name,Template,Rep
,Name,Template,Rep
,Name,Template,Rep
,Name,Template,Rep
,Name,Template,Rep
,Name,Template,Rep
,Name,Template,Rep
,Name,Template,Rep
,Name,Template,Rep
,Name,Template,Rep
,Name,Template,Rep
,Name,Template,Rep
,Name,Template,Rep
,Name,Template,Rep
,Name,Template,Rep
,Name,Template,Rep
,Name,Template,Rep
,Name,Template,Rep
,Name,Template,Rep
,Name,Template,Rep
,Name,Template,Rep
,Name,Template,Rep
,Name,Template,Rep
,Name,Template,Rep
,Name,Template,Rep
,Name,Template,Rep
,Name,Template,Rep
,Name,Template,Rep
,Name,Template,Rep
,Name,Template,Rep
,Name,Template,Rep
,Name,Template,Rep
,Name,Template,Rep
,Name,Template,Rep
,Name,Template,Rep
,Name,Template,Rep
,Name,Template,Rep
,Name,Template,Rep
,Name,Template,Rep
,Name,Template,Rep
,Name,Template,Rep
,Name,Template,Rep
,Name,Template,Rep
,Name,Template,Rep
,Name,Template,Rep
,Name,Template,Rep
,Name,Template,Rep
,Name,Template,Rep
,Name,Template,Rep
,Name,Template,Rep
,Name,Template,Rep
,Name,Template,Rep
,Name,Template,Rep
,Name,Template,Rep
,Name,Template,Rep
,Name,Template,Rep
,Name,Template,Rep
,Name,Template,Rep
,Name,Template,Rep
,Name,Template,Rep
,Name,Template,Rep
,Name,Template,Rep
,Name,Template,Rep
,Name,Template,Rep
,Name,Template,Rep
,Name,Template,Rep
,Name,Template,Rep
,Name,Template,Rep
,Name,Template,Rep
,Name,Template,Rep
,Name,Template,Rep
,Name,Template,Rep
,Name,Template,Rep
,Name,Template,Rep
,Name,Template,Rep
,Name,Template,Rep
,Name,Template,Rep
,Name,Template,Rep
,Name,Template,Rep
,Name,Template,Rep
,Name,Template,Rep
"[[u'../../../openbr/data/MEDS/img/S091-01-t10_01.jpg', 'Unable to find a face']]"
,Name,Template,Rep
,Name,Template,Rep
,Name,Template,Rep
,Name,Template,Rep
,Name,Template,Rep
,Name,Template,Rep
,Name,Template,Rep
,Name,Template,Rep
,Name,Template,Rep
,Name,Template,Rep
,Name,Template,Rep
,Name,Template,Rep
,Name,Template,Rep
,Name,Template,Rep
,Name,Template,Rep
,Name,Template,Rep
,Name,Template,Rep
,Name,Template,Rep
,Name,Template,Rep
,Name,Template,Rep
,Name,Template,Rep
,Name,Template,Rep
,Name,Template,Rep
,Name,Template,Rep
,Name,Template,Rep
,Name,Template,Rep
,Name,Template,Rep
,Name,Template,Rep
,Name,Template,Rep
,Name,Template,Rep
,Name,Template,Rep
,Name,Template,Rep
,Name,Template,Rep
,Name,Template,Rep
,Name,Template,Rep
,Name,Template,Rep
,Name,Template,Rep
,Name,Template,Rep
,Name,Template,Rep
,Name,Template,Rep
,Name,Template,Rep
,Name,Template,Rep
,Name,Template,Rep
,Name,Template,Rep
,Name,Template,Rep
,Name,Template,Rep
,Name,Template,Rep
,Name,Template,Rep
,Name,Template,Rep
,Name,Template,Rep
,Name,Template,Rep
,Name,Template,Rep
,Name,Template,Rep
,Name,Template,Rep
,Name,Template,Rep
,Name,Template,Rep
,Name,Template,Rep
,Name,Template,Rep
,Name,Template,Rep
,Name,Template,Rep
,Name,Template,Rep
,Name,Template,Rep
,Name,Template,Rep
,Name,Template,Rep
,Name,Template,Rep
,Name,Template,Rep
,Name,Template,Rep
,Name,Template,Rep
,Name,Template,Rep
,Name,Template,Rep
,Name,Template,Rep
,Name,Template,Rep
,Name,Template,Rep
,Name,Template,Rep
,Name,Template,Rep
,Name,Template,Rep
,Name,Template,Rep
,Name,Template,Rep
,Name,Template,Rep
,Name,Template,Rep
,Name,Template,Rep
,Name,Template,Rep
,Name,Template,Rep
,Name,Template,Rep
,Name,Template,Rep
,Name,Template,Rep
,Name,Template,Rep
,Name,Template,Rep
,Name,Template,Rep
,Name,Template,Rep
,Name,Template,Rep
,Name,Template,Rep
,Name,Template,Rep
,Name,Template,Rep
,Name,Template,Rep
,Name,Template,Rep
,Name,Template,Rep
,Name,Template,Rep
,Name,Template,Rep
,Name,Template,Rep
,Name,Template,Rep
,Name,Template,Rep
,Name,Template,Rep
,Name,Template,Rep
,Name,Template,Rep
,Name,Template,Rep
,Name,Template,Rep
,Name,Template,Rep
,Name,Template,Rep
"[[u'../../../openbr/data/MEDS/img/S200-01-t10_01.jpg', 'Unable to find a face']]"
,Name,Template,Rep
,Name,Template,Rep
,Name,Template,Rep
,Name,Template,Rep
,Name,Template,Rep
,Name,Template,Rep
,Name,Template,Rep
,Name,Template,Rep
,Name,Template,Rep
,Name,Template,Rep
,Name,Template,Rep
,Name,Template,Rep
,Name,Template,Rep
,Name,Template,Rep
,Name,Template,Rep
,Name,Template,Rep
,Name,Template,Rep
,Name,Template,Rep
,Name,Template,Rep
,Name,Template,Rep
,Name,Template,Rep
,Name,Template,Rep
,Name,Template,Rep
,Name,Template,Rep
,Name,Template,Rep
,Name,Template,Rep
,Name,Template,Rep
,Name,Template,Rep
,Name,Template,Rep
,Name,Template,Rep
,Name,Template,Rep
,Name,Template,Rep
,Name,Template,Rep
,Name,Template,Rep
,Name,Template,Rep
,Name,Template,Rep
,Name,Template,Rep
,Name,Template,Rep
,Name,Template,Rep
,Name,Template,Rep
,Name,Template,Rep
,Name,Template,Rep
,Name,Template,Rep
,Name,Template,Rep
,Name,Template,Rep
,Name,Template,Rep
,Name,Template,Rep
,Name,Template,Rep
,Name,Template,Rep
,Name,Template,Rep
,Name,Template,Rep
,Name,Template,Rep
,Name,Template,Rep
,Name,Template,Rep
,Name,Template,Rep
,Name,Template,Rep
,Name,Template,Rep
,Name,Template,Rep
,Name,Template,Rep
,Name,Template,Rep
,Name,Template,Rep
,Name,Template,Rep
"[[u'../../../openbr/data/MEDS/img/S262-01-t10_01.jpg', 'Unable to find a face']]"
,Name,Template,Rep
,Name,Template,Rep
,Name,Template,Rep
,Name,Template,Rep
,Name,Template,Rep
,Name,Template,Rep
,Name,Template,Rep
,Name,Template,Rep
,Name,Template,Rep
,Name,Template,Rep
,Name,Template,Rep
,Name,Template,Rep
,Name,Template,Rep
,Name,Template,Rep
,Name,Template,Rep
,Name,Template,Rep
,Name,Template,Rep
,Name,Template,Rep
,Name,Template,Rep
,Name,Template,Rep
,Name,Template,Rep
,Name,Template,Rep
,Name,Template,Rep
,Name,Template,Rep
,Name,Template,Rep
,Name,Template,Rep
,Name,Template,Rep
,Name,Template,Rep
,Name,Template,Rep
,Name,Template,Rep
,Name,Template,Rep
,Name,Template,Rep
,Name,Template,Rep
,Name,Template,Rep
,Name,Template,Rep
,Name,Template,Rep
,Name,Template,Rep
,Name,Template,Rep
,Name,Template,Rep
,Name,Template,Rep
,Name,Template,Rep
,Name,Template,Rep
,Name,Template,Rep
,Name,Template,Rep
,Name,Template,Rep
,Name,Template,Rep
,Name,Template,Rep
,Name,Template,Rep
,Name,Template,Rep
,Name,Template,Rep
,Name,Template,Rep
,Name,Template,Rep
,Name,Template,Rep
,Name,Template,Rep
,Name,Template,Rep
,Name,Template,Rep
,Name,Template,Rep
,Name,Template,Rep
,Name,Template,Rep
,Name,Template,Rep
,Name,Template,Rep
,Name,Template,Rep
,Name,Template,Rep
,Name,Template,Rep
,Name,Template,Rep
,Name,Template,Rep
,Name,Template,Rep
,Name,Template,Rep
,Name,Template,Rep
,Name,Template,Rep
,Name,Template,Rep
,Name,Template,Rep
,Name,Template,Rep
,Name,Template,Rep
,Name,Template,Rep
,Name,Template,Rep
,Name,Template,Rep
,Name,Template,Rep
,Name,Template,Rep
,Name,Template,Rep
,Name,Template,Rep
,Name,Template,Rep
,Name,Template,Rep
,Name,Template,Rep
,Name,Template,Rep
,Name,Template,Rep
,Name,Template,Rep
,Name,Template,Rep
,Name,Template,Rep
,Name,Template,Rep
,Name,Template,Rep
,Name,Template,Rep
,Name,Template,Rep
,Name,Template,Rep
,Name,Template,Rep
,Name,Template,Rep
,Name,Template,Rep
,Name,Template,Rep
,Name,Template,Rep
,Name,Template,Rep
,Name,Template,Rep
,Name,Template,Rep
,Name,Template,Rep
,Name,Template,Rep
,Name,Template,Rep
,Name,Template,Rep
,Name,Template,Rep
,Name,Template,Rep
,Name,Template,Rep
,Name,Template,Rep
,Name,Template,Rep
,Name,Template,Rep
,Name,Template,Rep
,Name,Template,Rep
,Name,Template,Rep
,Name,Template,Rep
,Name,Template,Rep
,Name,Template,Rep
,Name,Template,Rep
,Name,Template,Rep
,Name,Template,Rep
,Name,Template,Rep
,Name,Template,Rep
,Name,Template,Rep
,Name,Template,Rep
,Name,Template,Rep
,Name,Template,Rep
,Name,Template,Rep
,Name,Template,Rep
,Name,Template,Rep
,Name,Template,Rep
,Name,Template,Rep
,Name,Template,Rep
,Name,Template,Rep
,Name,Template,Rep
,Name,Template,Rep
,Name,Template,Rep
,Name,Template,Rep
,Name,Template,Rep
,Name,Template,Rep
,Name,Template,Rep
,Name,Template,Rep
,Name,Template,Rep
,Name,Template,Rep
,Name,Template,Rep
,Name,Template,Rep
,Name,Template,Rep
,Name,Template,Rep
,Name,Template,Rep
,Name,Template,Rep
,Name,Template,Rep
,Name,Template,Rep
,Name,Template,Rep
,Name,Template,Rep
,Name,Template,Rep
,Name,Template,Rep
,Name,Template,Rep
,Name,Template,Rep
,Name,Template,Rep
,Name,Template,Rep
,Name,Template,Rep
,Name,Template,Rep
,Name,Template,Rep
,Name,Template,Rep
,Name,Template,Rep
,Name,Template,Rep
,Name,Template,Rep
,Name,Template,Rep
,Name,Template,Rep
,Name,Template,Rep
,Name,Template,Rep
,Name,Template,Rep
,Name,Template,Rep
,Name,Template,Rep
,Name,Template,Rep
,Name,Template,Rep
,Name,Template,Rep
,Name,Template,Rep
,Name,Template,Rep
,Name,Template,Rep
,Name,Template,Rep
,Name,Template,Rep
,Name,Template,Rep
,Name,Template,Rep
"[[u'../../../openbr/data/MEDS/img/S446-01-t10_01.jpg', 'Unable to find a face']]"
,Name,Template,Rep
,Name,Template,Rep
,Name,Template,Rep
,Name,Template,Rep
,Name,Template,Rep
,Name,Template,Rep
,Name,Template,Rep
,Name,Template,Rep
,Name,Template,Rep
,Name,Template,Rep
,Name,Template,Rep
,Name,Template,Rep
,Name,Template,Rep
,Name,Template,Rep
,Name,Template,Rep
,Name,Template,Rep
,Name,Template,Rep
,Name,Template,Rep
,Name,Template,Rep
,Name,Template,Rep
,Name,Template,Rep
,Name,Template,Rep
,Name,Template,Rep
,Name,Template,Rep
,Name,Template,Rep
,Name,Template,Rep
,Name,Template,Rep
,Name,Template,Rep
,Name,Template,Rep
,Name,Template,Rep
,Name,Template,Rep
,Name,Template,Rep
,Name,Template,Rep
,Name,Template,Rep
,Name,Template,Rep
,Name,Template,Rep
,Name,Template,Rep
,Name,Template,Rep
,Name,Template,Rep
,Name,Template,Rep
,Name,Template,Rep
,Name,Template,Rep
,Name,Template,Rep
,Name,Template,Rep
,Name,Template,Rep
,Name,Template,Rep
,Name,Template,Rep
,Name,Template,Rep
,Name,Template,Rep
,Name,Template,Rep
,Name,Template,Rep
,Name,Template,Rep
,Name,Template,Rep
,Name,Template,Rep
,Name,Template,Rep
,Name,Template,Rep
,Name,Template,Rep
,Name,Template,Rep
,Name,Template,Rep
,Name,Template,Rep
,Name,Template,Rep
,Name,Template,Rep
,Name,Template,Rep
,Name,Template,Rep
,Name,Template,Rep
,Name,Template,Rep
,Name,Template,Rep
,Name,Template,Rep
,Name,Template,Rep
,Name,Template,Rep
,Name,Template,Rep
,Name,Template,Rep
,Name,Template,Rep
,Name,Template,Rep
,Name,Template,Rep
,Name,Template,Rep
,Name,Template,Rep
,Name,Template,Rep
,Name,Template,Rep
,Name,Template,Rep
,Name,Template,Rep
,Name,Template,Rep
,Name,Template,Rep
,Name,Template,Rep
,Name,Template,Rep
,Name,Template,Rep
,Name,Template,Rep
,Name,Template,Rep
,Name,Template,Rep
,Name,Template,Rep
,Name,Template,Rep
,Name,Template,Rep
,Name,Template,Rep
,Name,Template,Rep
,Name,Template,Rep
,Name,Template,Rep
,Name,Template,Rep
,Name,Template,Rep
,Name,Template,Rep
,Name,Template,Rep
,Name,Template,Rep
,Name,Template,Rep
,Name,Template,Rep
,Name,Template,Rep
,Name,Template,Rep
,Name,Template,Rep
,Name,Template,Rep
,Name,Template,Rep
,Name,Template,Rep
,Name,Template,Rep
,Name,Template,Rep
,Name,Template,Rep
,Name,Template,Rep
,Name,Template,Rep
,Name,Template,Rep
,Name,Template,Rep
,Name,Template,Rep
,Name,Template,Rep
,Name,Template,Rep
,Name,Template,Rep
,Name,Template,Rep
,Name,Template,Rep
,Name,Template,Rep
,Name,Template,Rep
,Name,Template,Rep
,Name,Template,Rep
,Name,Template,Rep
,Name,Template,Rep
,Name,Template,Rep
,Name,Template,Rep
,Name,Template,Rep
,Name,Template,Rep
,Name,Template,Rep
,Name,Template,Rep
,Name,Template,Rep
,Name,Template,Rep
,Name,Template,Rep
,Name,Template,Rep
,Name,Template,Rep
,Name,Template,Rep
,Name,Template,Rep
,Name,Template,Rep
,Name,Template,Rep
,Name,Template,Rep
,Name,Template,Rep
,Name,Template,Rep
,Name,Template,Rep
,Name,Template,Rep
,Name,Template,Rep
,Name,Template,Rep
,Name,Template,Rep
,Name,Template,Rep
,Name,Template,Rep
,Name,Template,Rep
,Name,Template,Rep
,Name,Template,Rep
,Name,Template,Rep
,Name,Template,Rep
,Name,Template,Rep
,Name,Template,Rep
,Name,Template,Rep
,Name,Template,Rep
,Name,Template,Rep
"[[u'../../../openbr/data/MEDS/img/S091-01-t10_01.jpg', 'Unable to find a face']]"
,Name,Template,Rep
,Name,Template,Rep
,Name,Template,Rep
,Name,Template,Rep
,Name,Template,Rep
,Name,Template,Rep
,Name,Template,Rep
,Name,Template,Rep
,Name,Template,Rep
,Name,Template,Rep
,Name,Template,Rep
,Name,Template,Rep
,Name,Template,Rep
,Name,Template,Rep
,Name,Template,Rep
,Name,Template,Rep
,Name,Template,Rep
,Name,Template,Rep
,Name,Template,Rep
,Name,Template,Rep
,Name,Template,Rep
,Name,Template,Rep
,Name,Template,Rep
,Name,Template,Rep
,Name,Template,Rep
,Name,Template,Rep
,Name,Template,Rep
,Name,Template,Rep
,Name,Template,Rep
,Name,Template,Rep
,Name,Template,Rep
,Name,Template,Rep
,Name,Template,Rep
,Name,Template,Rep
,Name,Template,Rep
,Name,Template,Rep
,Name,Template,Rep
,Name,Template,Rep
,Name,Template,Rep
,Name,Template,Rep
,Name,Template,Rep
,Name,Template,Rep
,Name,Template,Rep
,Name,Template,Rep
,Name,Template,Rep
,Name,Template,Rep
,Name,Template,Rep
,Name,Template,Rep
,Name,Template,Rep
,Name,Template,Rep
,Name,Template,Rep
,Name,Template,Rep
,Name,Template,Rep
,Name,Template,Rep
,Name,Template,Rep
,Name,Template,Rep
,Name,Template,Rep
,Name,Template,Rep
,Name,Template,Rep
,Name,Template,Rep
,Name,Template,Rep
,Name,Template,Rep
,Name,Template,Rep
,Name,Template,Rep
,Name,Template,Rep
,Name,Template,Rep
,Name,Template,Rep
,Name,Template,Rep
,Name,Template,Rep
,Name,Template,Rep
,Name,Template,Rep
,Name,Template,Rep
,Name,Template,Rep
,Name,Template,Rep
,Name,Template,Rep
,Name,Template,Rep
,Name,Template,Rep
,Name,Template,Rep
,Name,Template,Rep
,Name,Template,Rep
,Name,Template,Rep
,Name,Template,Rep
,Name,Template,Rep
,Name,Template,Rep
,Name,Template,Rep
,Name,Template,Rep
,Name,Template,Rep
,Name,Template,Rep
,Name,Template,Rep
,Name,Template,Rep
,Name,Template,Rep
,Name,Template,Rep
,Name,Template,Rep
,Name,Template,Rep
,Name,Template,Rep
,Name,Template,Rep
,Name,Template,Rep
,Name,Template,Rep
,Name,Template,Rep
,Name,Template,Rep
,Name,Template,Rep
,Name,Template,Rep
,Name,Template,Rep
,Name,Template,Rep
,Name,Template,Rep
,Name,Template,Rep
,Name,Template,Rep
,Name,Template,Rep
,Name,Template,Rep
"[[u'../../../openbr/data/MEDS/img/S200-01-t10_01.jpg', 'Unable to find a face']]"
,Name,Template,Rep
,Name,Template,Rep
,Name,Template,Rep
,Name,Template,Rep
,Name,Template,Rep
,Name,Template,Rep
,Name,Template,Rep
,Name,Template,Rep
,Name,Template,Rep
,Name,Template,Rep
,Name,Template,Rep
,Name,Template,Rep
,Name,Template,Rep
,Name,Template,Rep
,Name,Template,Rep
,Name,Template,Rep
,Name,Template,Rep
,Name,Template,Rep
,Name,Template,Rep
,Name,Template,Rep
,Name,Template,Rep
,Name,Template,Rep
,Name,Template,Rep
,Name,Template,Rep
,Name,Template,Rep
,Name,Template,Rep
,Name,Template,Rep
,Name,Template,Rep
,Name,Template,Rep
,Name,Template,Rep
,Name,Template,Rep
,Name,Template,Rep
,Name,Template,Rep
,Name,Template,Rep
,Name,Template,Rep
,Name,Template,Rep
,Name,Template,Rep
,Name,Template,Rep
,Name,Template,Rep
,Name,Template,Rep
,Name,Template,Rep
,Name,Template,Rep
,Name,Template,Rep
,Name,Template,Rep
,Name,Template,Rep
,Name,Template,Rep
,Name,Template,Rep
,Name,Template,Rep
,Name,Template,Rep
,Name,Template,Rep
,Name,Template,Rep
,Name,Template,Rep
,Name,Template,Rep
,Name,Template,Rep
,Name,Template,Rep
,Name,Template,Rep
,Name,Template,Rep
,Name,Template,Rep
,Name,Template,Rep
,Name,Template,Rep
,Name,Template,Rep
,Name,Template,Rep
"[[u'../../../openbr/data/MEDS/img/S262-01-t10_01.jpg', 'Unable to find a face']]"
,Name,Template,Rep
,Name,Template,Rep
,Name,Template,Rep
,Name,Template,Rep
,Name,Template,Rep
,Name,Template,Rep
,Name,Template,Rep
,Name,Template,Rep
,Name,Template,Rep
,Name,Template,Rep
,Name,Template,Rep
,Name,Template,Rep
,Name,Template,Rep
,Name,Template,Rep
,Name,Template,Rep
,Name,Template,Rep
,Name,Template,Rep
,Name,Template,Rep
,Name,Template,Rep
,Name,Template,Rep
,Name,Template,Rep
,Name,Template,Rep
,Name,Template,Rep
,Name,Template,Rep
,Name,Template,Rep
,Name,Template,Rep
,Name,Template,Rep
,Name,Template,Rep
,Name,Template,Rep
,Name,Template,Rep
,Name,Template,Rep
,Name,Template,Rep
,Name,Template,Rep
,Name,Template,Rep
,Name,Template,Rep
,Name,Template,Rep
,Name,Template,Rep
,Name,Template,Rep
,Name,Template,Rep
,Name,Template,Rep
,Name,Template,Rep
,Name,Template,Rep
,Name,Template,Rep
,Name,Template,Rep
,Name,Template,Rep
,Name,Template,Rep
,Name,Template,Rep
,Name,Template,Rep
,Name,Template,Rep
,Name,Template,Rep
,Name,Template,Rep
,Name,Template,Rep
,Name,Template,Rep
,Name,Template,Rep
,Name,Template,Rep
,Name,Template,Rep
,Name,Template,Rep
,Name,Template,Rep
,Name,Template,Rep
,Name,Template,Rep
,Name,Template,Rep
,Name,Template,Rep
,Name,Template,Rep
,Name,Template,Rep
,Name,Template,Rep
,Name,Template,Rep
,Name,Template,Rep
,Name,Template,Rep
,Name,Template,Rep
,Name,Template,Rep
,Name,Template,Rep
,Name,Template,Rep
,Name,Template,Rep
,Name,Template,Rep
,Name,Template,Rep
,Name,Template,Rep
,Name,Template,Rep
,Name,Template,Rep
,Name,Template,Rep
,Name,Template,Rep
,Name,Template,Rep
,Name,Template,Rep
,Name,Template,Rep
,Name,Template,Rep
,Name,Template,Rep
,Name,Template,Rep
,Name,Template,Rep
,Name,Template,Rep
,Name,Template,Rep
,Name,Template,Rep
,Name,Template,Rep
,Name,Template,Rep
,Name,Template,Rep
,Name,Template,Rep
,Name,Template,Rep
,Name,Template,Rep
,Name,Template,Rep
,Name,Template,Rep
,Name,Template,Rep
,Name,Template,Rep
,Name,Template,Rep
,Name,Template,Rep
,Name,Template,Rep
,Name,Template,Rep
,Name,Template,Rep
,Name,Template,Rep
,Name,Template,Rep
,Name,Template,Rep
,Name,Template,Rep
,Name,Template,Rep
,Name,Template,Rep
,Name,Template,Rep
,Name,Template,Rep
,Name,Template,Rep
,Name,Template,Rep
,Name,Template,Rep
,Name,Template,Rep
,Name,Template,Rep
,Name,Template,Rep
,Name,Template,Rep
,Name,Template,Rep
,Name,Template,Rep
,Name,Template,Rep
,Name,Template,Rep
,Name,Template,Rep
,Name,Template,Rep
,Name,Template,Rep
,Name,Template,Rep
,Name,Template,Rep
,Name,Template,Rep
,Name,Template,Rep
,Name,Template,Rep
,Name,Template,Rep
,Name,Template,Rep
,Name,Template,Rep
,Name,Template,Rep
,Name,Template,Rep
,Name,Template,Rep
,Name,Template,Rep
,Name,Template,Rep
,Name,Template,Rep
,Name,Template,Rep
,Name,Template,Rep
,Name,Template,Rep
,Name,Template,Rep
,Name,Template,Rep
,Name,Template,Rep
,Name,Template,Rep
,Name,Template,Rep
,Name,Template,Rep
,Name,Template,Rep
,Name,Template,Rep
,Name,Template,Rep
,Name,Template,Rep
,Name,Template,Rep
,Name,Template,Rep
,Name,Template,Rep
,Name,Template,Rep
,Name,Template,Rep
,Name,Template,Rep
,Name,Template,Rep
,Name,Template,Rep
,Name,Template,Rep
,Name,Template,Rep
,Name,Template,Rep
,Name,Template,Rep
,Name,Template,Rep
,Name,Template,Rep
,Name,Template,Rep
,Name,Template,Rep
,Name,Template,Rep
,Name,Template,Rep
,Name,Template,Rep
,Name,Template,Rep
,Name,Template,Rep
,Name,Template,Rep
,Name,Template,Rep
,Name,Template,Rep
,Name,Template,Rep
,Name,Template,Rep
,Name,Template,Rep
,Name,Template,Rep
,Name,Template,Rep
,Name,Template,Rep
"[[u'../../../openbr/data/MEDS/img/S446-01-t10_01.jpg', 'Unable to find a face']]"
,Name,Template,Rep
,Name,Template,Rep
,Name,Template,Rep
,Name,Template,Rep
,Name,Template,Rep
,Name,Template,Rep
,Name,Template,Rep
,Name,Template,Rep
,Name,Template,Rep
,Name,Template,Rep
,Name,Template,Rep
,Name,Template,Rep
,Name,Template,Rep
,Name,Template,Rep
,Name,Template,Rep
,Name,Template,Rep
,Name,Template,Rep
,Name,Template,Rep
,Name,Template,Rep
,Name,Template,Rep
,Name,Template,Rep
,Name,Template,Rep
,Name,Template,Rep
,Name,Template,Rep
,Name,Template,Rep
,Name,Template,Rep
,Name,Template,Rep
,Name,Template,Rep
,Name,Template,Rep
,Name,Template,Rep
,Name,Template,Rep
,Name,Template,Rep
,Name,Template,Rep
,Name,Template,Rep
,Name,Template,Rep
,Name,Template,Rep
,Name,Template,Rep
,Name,Template,Rep
,Name,Template,Rep
,Name,Template,Rep
,Name,Template,Rep
,Name,Template,Rep
,Name,Template,Rep
,Name,Template,Rep
,Name,Template,Rep
,Name,Template,Rep
,Name,Template,Rep
,Name,Template,Rep
,Name,Template,Rep
,Name,Template,Rep
,Name,Template,Rep
,Name,Template,Rep
,Name,Template,Rep
,Name,Template,Rep
,Name,Template,Rep
,Name,Template,Rep
,Name,Template,Rep
,Name,Template,Rep
,Name,Template,Rep
,Name,Template,Rep
,Name,Template,Rep
,Name,Template,Rep
,Name,Template,Rep
,Name,Template,Rep
,Name,Template,Rep
,Name,Template,Rep
,Name,Template,Rep
,Name,Template,Rep
,Name,Template,Rep
,Name,Template,Rep
,Name,Template,Rep
,Name,Template,Rep
